period_type,as_of_date,score,metric_count,source,previous_score,change
day,2016-01-15 00:00:00,1.4202158,,historical_city_aggregate,,
day,2016-01-18 00:00:00,1.3919104,,historical_city_aggregate,1.4202158,-0.028305400000000036
day,2016-01-19 00:00:00,1.6669196,,historical_city_aggregate,1.3919104,0.27500919999999995
day,2016-01-20 00:00:00,1.4619715,,historical_city_aggregate,1.6669196,-0.20494809999999997
day,2016-01-21 00:00:00,1.2911505,,historical_city_aggregate,1.4619715,-0.1708209999999999
day,2016-01-22 00:00:00,1.1403529,,historical_city_aggregate,1.2911505,-0.1507976000000002
day,2016-01-25 00:00:00,1.3510652,,historical_city_aggregate,1.1403529,0.21071230000000019
day,2016-01-26 00:00:00,1.2680146,,historical_city_aggregate,1.3510652,-0.08305059999999997
day,2016-01-27 00:00:00,1.2016951,,historical_city_aggregate,1.2680146,-0.06631950000000009
day,2016-01-28 00:00:00,1.2416108,,historical_city_aggregate,1.2016951,0.03991569999999989
day,2016-01-29 00:00:00,1.2624641,,historical_city_aggregate,1.2416108,0.020853300000000186
day,2016-02-01 00:00:00,1.194911,,historical_city_aggregate,1.2624641,-0.06755310000000003
day,2016-02-02 00:00:00,1.2235318,,historical_city_aggregate,1.194911,0.02862079999999989
day,2016-02-03 00:00:00,1.1711527,,historical_city_aggregate,1.2235318,-0.05237910000000001
day,2016-02-04 00:00:00,1.2068722,,historical_city_aggregate,1.1711527,0.035719500000000126
day,2016-02-05 00:00:00,1.1899616,,historical_city_aggregate,1.2068722,-0.01691060000000011
day,2016-02-08 00:00:00,1.2458364,,historical_city_aggregate,1.1899616,0.0558748
day,2016-02-09 00:00:00,1.4011311,,historical_city_aggregate,1.2458364,0.1552947
day,2016-02-10 00:00:00,1.1571888,,historical_city_aggregate,1.4011311,-0.24394230000000006
day,2016-02-11 00:00:00,1.2643268,,historical_city_aggregate,1.1571888,0.10713800000000018
day,2016-02-12 00:00:00,1.1150891,,historical_city_aggregate,1.2643268,-0.14923770000000003
day,2016-02-15 00:00:00,1.1643695,,historical_city_aggregate,1.1150891,0.0492804
day,2016-02-16 00:00:00,1.1744538,,historical_city_aggregate,1.1643695,0.010084299999999935
day,2016-02-17 00:00:00,1.2415556,,historical_city_aggregate,1.1744538,0.0671018000000001
day,2016-02-18 00:00:00,1.1289141,,historical_city_aggregate,1.2415556,-0.11264150000000006
day,2016-02-19 00:00:00,1.2718154,,historical_city_aggregate,1.1289141,0.1429012999999999
day,2016-02-22 00:00:00,1.2925677,,historical_city_aggregate,1.2718154,0.020752300000000057
day,2016-02-23 00:00:00,1.1772135,,historical_city_aggregate,1.2925677,-0.11535420000000007
day,2016-02-24 00:00:00,1.1419181,,historical_city_aggregate,1.1772135,-0.035295399999999866
day,2016-02-25 00:00:00,1.1019436,,historical_city_aggregate,1.1419181,-0.039974500000000024
day,2016-02-26 00:00:00,1.2250867,,historical_city_aggregate,1.1019436,0.12314310000000006
day,2016-02-29 00:00:00,1.1084864,,historical_city_aggregate,1.2250867,-0.11660029999999999
day,2016-03-01 00:00:00,1.1056682,,historical_city_aggregate,1.1084864,-0.002818200000000104
day,2016-03-02 00:00:00,1.1474156,,historical_city_aggregate,1.1056682,0.04174739999999999
day,2016-03-03 00:00:00,1.126169,,historical_city_aggregate,1.1474156,-0.021246600000000004
day,2016-03-04 00:00:00,1.2134252,,historical_city_aggregate,1.126169,0.08725620000000012
day,2016-03-07 00:00:00,1.1160981,,historical_city_aggregate,1.2134252,-0.0973271
day,2016-03-08 00:00:00,1.205202,,historical_city_aggregate,1.1160981,0.08910390000000001
day,2016-03-09 00:00:00,1.2953078,,historical_city_aggregate,1.205202,0.0901057999999999
day,2016-03-10 00:00:00,1.0758853,,historical_city_aggregate,1.2953078,-0.21942250000000008
day,2016-03-11 00:00:00,1.1895718,,historical_city_aggregate,1.0758853,0.11368650000000002
day,2016-03-14 00:00:00,1.1547674,,historical_city_aggregate,1.1895718,-0.03480439999999985
day,2016-03-15 00:00:00,1.1932722,,historical_city_aggregate,1.1547674,0.038504799999999895
day,2016-03-16 00:00:00,1.1994878,,historical_city_aggregate,1.1932722,0.006215599999999988
day,2016-03-17 00:00:00,1.1795517,,historical_city_aggregate,1.1994878,-0.019936100000000012
day,2016-03-18 00:00:00,1.1804919,,historical_city_aggregate,1.1795517,0.0009402000000000577
day,2016-03-21 00:00:00,1.1113518,,historical_city_aggregate,1.1804919,-0.06914010000000004
day,2016-03-22 00:00:00,1.1377713,,historical_city_aggregate,1.1113518,0.02641950000000004
day,2016-03-23 00:00:00,1.0825485,,historical_city_aggregate,1.1377713,-0.05522280000000013
day,2016-03-24 00:00:00,1.2253544,,historical_city_aggregate,1.0825485,0.14280590000000015
day,2016-03-25 00:00:00,1.2229244,,historical_city_aggregate,1.2253544,-0.0024300000000001543
day,2016-03-28 00:00:00,1.0856864,,historical_city_aggregate,1.2229244,-0.13723799999999997
day,2016-03-29 00:00:00,1.1160661,,historical_city_aggregate,1.0856864,0.03037970000000012
day,2016-03-30 00:00:00,1.2557059,,historical_city_aggregate,1.1160661,0.13963979999999987
day,2016-03-31 00:00:00,1.1299695,,historical_city_aggregate,1.2557059,-0.12573639999999986
day,2016-04-01 00:00:00,1.1754514,,historical_city_aggregate,1.1299695,0.045481899999999964
day,2016-04-04 00:00:00,1.1170032,,historical_city_aggregate,1.1754514,-0.05844819999999995
day,2016-04-05 00:00:00,1.2031742,,historical_city_aggregate,1.1170032,0.086171
day,2016-04-06 00:00:00,1.2468318,,historical_city_aggregate,1.2031742,0.04365759999999996
day,2016-04-07 00:00:00,1.3579906,,historical_city_aggregate,1.2468318,0.11115879999999989
day,2016-04-08 00:00:00,1.1776729,,historical_city_aggregate,1.3579906,-0.18031770000000003
day,2016-04-11 00:00:00,1.1671563,,historical_city_aggregate,1.1776729,-0.010516599999999876
day,2016-04-12 00:00:00,1.088047,,historical_city_aggregate,1.1671563,-0.07910930000000005
day,2016-04-13 00:00:00,1.1781554,,historical_city_aggregate,1.088047,0.09010840000000009
day,2016-04-14 00:00:00,1.1482829,,historical_city_aggregate,1.1781554,-0.02987249999999997
day,2016-04-15 00:00:00,1.0630406,,historical_city_aggregate,1.1482829,-0.08524230000000022
day,2016-04-18 00:00:00,1.2334824,,historical_city_aggregate,1.0630406,0.1704418000000001
day,2016-04-19 00:00:00,1.0203374,,historical_city_aggregate,1.2334824,-0.21314499999999992
day,2016-04-20 00:00:00,1.1591966,,historical_city_aggregate,1.0203374,0.13885919999999996
day,2016-04-21 00:00:00,1.1051778,,historical_city_aggregate,1.1591966,-0.05401879999999992
day,2016-04-22 00:00:00,1.2201341,,historical_city_aggregate,1.1051778,0.11495630000000001
day,2016-04-25 00:00:00,1.061119,,historical_city_aggregate,1.2201341,-0.1590151000000002
day,2016-04-26 00:00:00,1.215523,,historical_city_aggregate,1.061119,0.15440399999999999
day,2016-04-27 00:00:00,1.2633246,,historical_city_aggregate,1.215523,0.04780160000000011
day,2016-04-28 00:00:00,1.2291795,,historical_city_aggregate,1.2633246,-0.03414509999999993
day,2016-04-29 00:00:00,1.2480428,,historical_city_aggregate,1.2291795,0.018863299999999805
day,2016-05-02 00:00:00,1.2123126,,historical_city_aggregate,1.2480428,-0.035730199999999934
day,2016-05-03 00:00:00,1.1268627,,historical_city_aggregate,1.2123126,-0.08544989999999997
day,2016-05-04 00:00:00,1.062162,,historical_city_aggregate,1.1268627,-0.06470069999999994
day,2016-05-05 00:00:00,1.1552725,,historical_city_aggregate,1.062162,0.09311049999999987
day,2016-05-06 00:00:00,1.1233903,,historical_city_aggregate,1.1552725,-0.03188219999999986
day,2016-05-09 00:00:00,1.2207142,,historical_city_aggregate,1.1233903,0.09732389999999991
day,2016-05-10 00:00:00,1.2097525,,historical_city_aggregate,1.2207142,-0.010961699999999963
day,2016-05-11 00:00:00,1.1724593,,historical_city_aggregate,1.2097525,-0.037293199999999915
day,2016-05-12 00:00:00,1.116126,,historical_city_aggregate,1.1724593,-0.05633330000000014
day,2016-05-13 00:00:00,1.1396733,,historical_city_aggregate,1.116126,0.023547299999999938
day,2016-05-16 00:00:00,1.2211784,,historical_city_aggregate,1.1396733,0.08150510000000022
day,2016-05-17 00:00:00,1.0654782,,historical_city_aggregate,1.2211784,-0.15570020000000007
day,2016-05-18 00:00:00,1.1941513,,historical_city_aggregate,1.0654782,0.12867309999999987
day,2016-05-19 00:00:00,1.0629225,,historical_city_aggregate,1.1941513,-0.13122879999999992
day,2016-05-20 00:00:00,1.1910111,,historical_city_aggregate,1.0629225,0.1280886000000001
day,2016-05-23 00:00:00,1.1098254,,historical_city_aggregate,1.1910111,-0.08118570000000003
day,2016-05-24 00:00:00,1.2057845,,historical_city_aggregate,1.1098254,0.09595909999999996
day,2016-05-25 00:00:00,1.3205831,,historical_city_aggregate,1.2057845,0.11479859999999986
day,2016-05-26 00:00:00,1.2722789,,historical_city_aggregate,1.3205831,-0.0483041999999998
day,2016-05-27 00:00:00,1.1932581,,historical_city_aggregate,1.2722789,-0.07902080000000011
day,2016-05-30 00:00:00,1.1083322,,historical_city_aggregate,1.1932581,-0.0849259
day,2016-05-31 00:00:00,1.0813603,,historical_city_aggregate,1.1083322,-0.026971899999999938
day,2016-06-01 00:00:00,1.211644,,historical_city_aggregate,1.0813603,0.1302836999999999
day,2016-06-02 00:00:00,1.1686116,,historical_city_aggregate,1.211644,-0.04303239999999997
day,2016-06-03 00:00:00,1.0341889,,historical_city_aggregate,1.1686116,-0.1344227
day,2016-06-06 00:00:00,1.0695487,,historical_city_aggregate,1.0341889,0.03535979999999994
day,2016-06-07 00:00:00,1.2916369,,historical_city_aggregate,1.0695487,0.22208820000000018
day,2016-06-08 00:00:00,1.0418146,,historical_city_aggregate,1.2916369,-0.24982230000000016
day,2016-06-09 00:00:00,1.2689915,,historical_city_aggregate,1.0418146,0.22717690000000013
day,2016-06-10 00:00:00,1.2497592,,historical_city_aggregate,1.2689915,-0.01923230000000009
day,2016-06-13 00:00:00,1.0286028,,historical_city_aggregate,1.2497592,-0.22115639999999992
day,2016-06-14 00:00:00,1.1732007,,historical_city_aggregate,1.0286028,0.14459789999999995
day,2016-06-15 00:00:00,1.1106265,,historical_city_aggregate,1.1732007,-0.06257420000000002
day,2016-06-16 00:00:00,1.0940519,,historical_city_aggregate,1.1106265,-0.016574599999999995
day,2016-06-17 00:00:00,1.0878669,,historical_city_aggregate,1.0940519,-0.006184999999999885
day,2016-06-20 00:00:00,1.1493538,,historical_city_aggregate,1.0878669,0.06148690000000001
day,2016-06-21 00:00:00,1.1944317,,historical_city_aggregate,1.1493538,0.04507789999999989
day,2016-06-22 00:00:00,1.1699519,,historical_city_aggregate,1.1944317,-0.02447979999999994
day,2016-06-23 00:00:00,1.1470095,,historical_city_aggregate,1.1699519,-0.02294240000000003
day,2016-06-24 00:00:00,1.0284245,,historical_city_aggregate,1.1470095,-0.11858499999999994
day,2016-06-27 00:00:00,1.05971,,historical_city_aggregate,1.0284245,0.031285499999999855
day,2016-06-28 00:00:00,1.1634665,,historical_city_aggregate,1.05971,0.10375650000000003
day,2016-06-29 00:00:00,1.2371561,,historical_city_aggregate,1.1634665,0.07368960000000002
day,2016-06-30 00:00:00,1.170212,,historical_city_aggregate,1.2371561,-0.06694409999999995
day,2016-07-01 00:00:00,1.2320583,,historical_city_aggregate,1.170212,0.06184630000000002
day,2016-07-04 00:00:00,1.1993623,,historical_city_aggregate,1.2320583,-0.03269600000000006
day,2016-07-05 00:00:00,1.2037207,,historical_city_aggregate,1.1993623,0.0043584000000000955
day,2016-07-06 00:00:00,1.1374115,,historical_city_aggregate,1.2037207,-0.06630920000000007
day,2016-07-07 00:00:00,1.0235088,,historical_city_aggregate,1.1374115,-0.11390269999999991
day,2016-07-08 00:00:00,1.0543783,,historical_city_aggregate,1.0235088,0.030869499999999883
day,2016-07-11 00:00:00,1.0168984,,historical_city_aggregate,1.0543783,-0.0374798999999999
day,2016-07-12 00:00:00,1.0308533,,historical_city_aggregate,1.0168984,0.013954899999999881
day,2016-07-13 00:00:00,1.2592082,,historical_city_aggregate,1.0308533,0.22835490000000003
day,2016-07-14 00:00:00,1.1852556,,historical_city_aggregate,1.2592082,-0.07395259999999992
day,2016-07-15 00:00:00,1.2017367,,historical_city_aggregate,1.1852556,0.016481100000000026
day,2016-07-18 00:00:00,1.1721462,,historical_city_aggregate,1.2017367,-0.029590500000000075
day,2016-07-19 00:00:00,1.1691625,,historical_city_aggregate,1.1721462,-0.0029836999999999225
day,2016-07-20 00:00:00,1.2832924,,historical_city_aggregate,1.1691625,0.1141299
day,2016-07-21 00:00:00,1.1212107,,historical_city_aggregate,1.2832924,-0.1620817000000001
day,2016-07-22 00:00:00,1.0807925,,historical_city_aggregate,1.1212107,-0.04041819999999996
day,2016-07-25 00:00:00,1.3388238,,historical_city_aggregate,1.0807925,0.25803129999999985
day,2016-07-26 00:00:00,1.083723,,historical_city_aggregate,1.3388238,-0.2551007999999999
day,2016-07-27 00:00:00,1.245293,,historical_city_aggregate,1.083723,0.16157
day,2016-07-28 00:00:00,1.3741393,,historical_city_aggregate,1.245293,0.12884629999999997
day,2016-07-29 00:00:00,1.2147463,,historical_city_aggregate,1.3741393,-0.1593929999999999
day,2016-08-01 00:00:00,1.1894701,,historical_city_aggregate,1.2147463,-0.02527619999999997
day,2016-08-02 00:00:00,1.2156661,,historical_city_aggregate,1.1894701,0.026195999999999886
day,2016-08-03 00:00:00,1.0916697,,historical_city_aggregate,1.2156661,-0.1239964
day,2016-08-04 00:00:00,1.0834308,,historical_city_aggregate,1.0916697,-0.008238900000000049
day,2016-08-05 00:00:00,1.0718068,,historical_city_aggregate,1.0834308,-0.011623999999999857
day,2016-08-08 00:00:00,1.3124936,,historical_city_aggregate,1.0718068,0.24068679999999998
day,2016-08-09 00:00:00,1.1707447,,historical_city_aggregate,1.3124936,-0.14174890000000007
day,2016-08-10 00:00:00,1.0669323,,historical_city_aggregate,1.1707447,-0.10381240000000003
day,2016-08-11 00:00:00,1.3154009,,historical_city_aggregate,1.0669323,0.24846860000000004
day,2016-08-12 00:00:00,1.1849992,,historical_city_aggregate,1.3154009,-0.13040169999999995
day,2016-08-15 00:00:00,1.1780274,,historical_city_aggregate,1.1849992,-0.0069718000000000835
day,2016-08-16 00:00:00,1.0666815,,historical_city_aggregate,1.1780274,-0.11134589999999989
day,2016-08-17 00:00:00,1.3381722,,historical_city_aggregate,1.0666815,0.2714907
day,2016-08-18 00:00:00,1.1750031,,historical_city_aggregate,1.3381722,-0.16316909999999996
day,2016-08-19 00:00:00,1.2590669,,historical_city_aggregate,1.1750031,0.08406380000000002
day,2016-08-22 00:00:00,1.1106093,,historical_city_aggregate,1.2590669,-0.1484576000000002
day,2016-08-23 00:00:00,1.181029,,historical_city_aggregate,1.1106093,0.0704197000000002
day,2016-08-24 00:00:00,1.2544545,,historical_city_aggregate,1.181029,0.07342549999999992
day,2016-08-25 00:00:00,1.0859278,,historical_city_aggregate,1.2544545,-0.16852669999999992
day,2016-08-26 00:00:00,1.1866967,,historical_city_aggregate,1.0859278,0.10076889999999983
day,2016-08-29 00:00:00,1.1526763,,historical_city_aggregate,1.1866967,-0.03402039999999995
day,2016-08-30 00:00:00,1.2290263,,historical_city_aggregate,1.1526763,0.07634999999999992
day,2016-08-31 00:00:00,1.2222174,,historical_city_aggregate,1.2290263,-0.006808900000000007
day,2016-09-01 00:00:00,1.2446527,,historical_city_aggregate,1.2222174,0.022435300000000158
day,2016-09-02 00:00:00,1.1912908,,historical_city_aggregate,1.2446527,-0.05336190000000007
day,2016-09-05 00:00:00,1.1477608,,historical_city_aggregate,1.1912908,-0.04353000000000007
day,2016-09-06 00:00:00,1.2121625,,historical_city_aggregate,1.1477608,0.06440170000000012
day,2016-09-07 00:00:00,1.2981931,,historical_city_aggregate,1.2121625,0.08603059999999996
day,2016-09-08 00:00:00,1.1228422,,historical_city_aggregate,1.2981931,-0.17535089999999998
day,2016-09-09 00:00:00,0.9994644,,historical_city_aggregate,1.1228422,-0.12337779999999998
day,2016-09-12 00:00:00,1.2297078,,historical_city_aggregate,0.9994644,0.23024339999999988
day,2016-09-13 00:00:00,1.187087,,historical_city_aggregate,1.2297078,-0.0426207999999999
day,2016-09-14 00:00:00,1.0606362,,historical_city_aggregate,1.187087,-0.12645079999999997
day,2016-09-15 00:00:00,1.0824006,,historical_city_aggregate,1.0606362,0.021764399999999906
day,2016-09-16 00:00:00,1.1553054,,historical_city_aggregate,1.0824006,0.0729048000000001
day,2016-09-19 00:00:00,1.0617101,,historical_city_aggregate,1.1553054,-0.09359530000000005
day,2016-09-20 00:00:00,1.0740079,,historical_city_aggregate,1.0617101,0.012297800000000025
day,2016-09-21 00:00:00,1.1170467,,historical_city_aggregate,1.0740079,0.04303879999999993
day,2016-09-22 00:00:00,1.067465,,historical_city_aggregate,1.1170467,-0.04958169999999984
day,2016-09-23 00:00:00,1.1173438,,historical_city_aggregate,1.067465,0.04987879999999989
day,2016-09-26 00:00:00,1.0030294,,historical_city_aggregate,1.1173438,-0.11431440000000004
day,2016-09-27 00:00:00,1.2112773,,historical_city_aggregate,1.0030294,0.20824789999999993
day,2016-09-28 00:00:00,1.0756616,,historical_city_aggregate,1.2112773,-0.13561569999999978
day,2016-09-29 00:00:00,1.0784757,,historical_city_aggregate,1.0756616,0.0028140999999999305
day,2016-09-30 00:00:00,1.0695526,,historical_city_aggregate,1.0784757,-0.008923100000000073
day,2016-10-03 00:00:00,1.0541358,,historical_city_aggregate,1.0695526,-0.015416799999999897
day,2016-10-04 00:00:00,1.1828594,,historical_city_aggregate,1.0541358,0.12872359999999983
day,2016-10-05 00:00:00,1.0824046,,historical_city_aggregate,1.1828594,-0.10045479999999984
day,2016-10-06 00:00:00,1.0283981,,historical_city_aggregate,1.0824046,-0.05400650000000007
day,2016-10-07 00:00:00,1.1444685,,historical_city_aggregate,1.0283981,0.11607040000000013
day,2016-10-10 00:00:00,1.061027,,historical_city_aggregate,1.1444685,-0.08344150000000017
day,2016-10-11 00:00:00,1.3290144,,historical_city_aggregate,1.061027,0.2679874
day,2016-10-12 00:00:00,1.0487383,,historical_city_aggregate,1.3290144,-0.28027610000000003
day,2016-10-13 00:00:00,1.2034502,,historical_city_aggregate,1.0487383,0.15471190000000012
day,2016-10-14 00:00:00,1.0613535,,historical_city_aggregate,1.2034502,-0.14209669999999996
day,2016-10-17 00:00:00,1.1405603,,historical_city_aggregate,1.0613535,0.07920679999999991
day,2016-10-18 00:00:00,1.2427179,,historical_city_aggregate,1.1405603,0.10215759999999996
day,2016-10-19 00:00:00,1.1378714,,historical_city_aggregate,1.2427179,-0.10484649999999984
day,2016-10-20 00:00:00,1.1340392,,historical_city_aggregate,1.1378714,-0.0038322000000001744
day,2016-10-21 00:00:00,1.0394821,,historical_city_aggregate,1.1340392,-0.09455709999999984
day,2016-10-24 00:00:00,0.9787592,,historical_city_aggregate,1.0394821,-0.060722900000000024
day,2016-10-25 00:00:00,1.148923,,historical_city_aggregate,0.9787592,0.17016379999999987
day,2016-10-26 00:00:00,1.1396842,,historical_city_aggregate,1.148923,-0.00923879999999988
day,2016-10-27 00:00:00,1.050021,,historical_city_aggregate,1.1396842,-0.08966319999999994
day,2016-10-28 00:00:00,0.9813979,,historical_city_aggregate,1.050021,-0.06862310000000005
day,2016-10-31 00:00:00,1.1245463,,historical_city_aggregate,0.9813979,0.14314839999999995
day,2016-11-01 00:00:00,1.0313911,,historical_city_aggregate,1.1245463,-0.0931552
day,2016-11-02 00:00:00,1.2393416,,historical_city_aggregate,1.0313911,0.20795049999999993
day,2016-11-03 00:00:00,1.1945818,,historical_city_aggregate,1.2393416,-0.044759800000000016
day,2016-11-04 00:00:00,1.0930834,,historical_city_aggregate,1.1945818,-0.10149839999999988
day,2016-11-07 00:00:00,1.1258434,,historical_city_aggregate,1.0930834,0.0327599999999999
day,2016-11-08 00:00:00,1.200583,,historical_city_aggregate,1.1258434,0.07473960000000002
day,2016-11-09 00:00:00,1.089404,,historical_city_aggregate,1.200583,-0.11117899999999992
day,2016-11-10 00:00:00,1.2144372,,historical_city_aggregate,1.089404,0.12503320000000007
day,2016-11-11 00:00:00,1.2905641,,historical_city_aggregate,1.2144372,0.0761269
day,2016-11-14 00:00:00,1.0698933,,historical_city_aggregate,1.2905641,-0.22067080000000017
day,2016-11-15 00:00:00,1.1405973,,historical_city_aggregate,1.0698933,0.0707040000000001
day,2016-11-16 00:00:00,1.251299,,historical_city_aggregate,1.1405973,0.1107016999999999
day,2016-11-17 00:00:00,1.0837389,,historical_city_aggregate,1.251299,-0.1675601
day,2016-11-18 00:00:00,1.0564277,,historical_city_aggregate,1.0837389,-0.02731119999999998
day,2016-11-21 00:00:00,1.121267,,historical_city_aggregate,1.0564277,0.06483930000000004
day,2016-11-22 00:00:00,1.2949006,,historical_city_aggregate,1.121267,0.17363360000000005
day,2016-11-23 00:00:00,1.0577989,,historical_city_aggregate,1.2949006,-0.23710169999999997
day,2016-11-24 00:00:00,1.1863771,,historical_city_aggregate,1.0577989,0.12857819999999998
day,2016-11-25 00:00:00,1.2319137,,historical_city_aggregate,1.1863771,0.04553659999999993
day,2016-11-28 00:00:00,1.1866515,,historical_city_aggregate,1.2319137,-0.04526220000000003
day,2016-11-29 00:00:00,1.1859986,,historical_city_aggregate,1.1866515,-0.0006528999999999563
day,2016-11-30 00:00:00,1.0209447,,historical_city_aggregate,1.1859986,-0.16505389999999998
day,2016-12-01 00:00:00,1.2240393,,historical_city_aggregate,1.0209447,0.20309460000000001
day,2016-12-02 00:00:00,1.1340932,,historical_city_aggregate,1.2240393,-0.08994610000000014
day,2016-12-05 00:00:00,1.1342078,,historical_city_aggregate,1.1340932,0.00011460000000007575
day,2016-12-06 00:00:00,1.0600334,,historical_city_aggregate,1.1342078,-0.07417439999999997
day,2016-12-07 00:00:00,1.1064888,,historical_city_aggregate,1.0600334,0.046455399999999925
day,2016-12-08 00:00:00,1.1245592,,historical_city_aggregate,1.1064888,0.018070400000000042
day,2016-12-09 00:00:00,0.9875722,,historical_city_aggregate,1.1245592,-0.13698699999999997
day,2016-12-12 00:00:00,1.0966616,,historical_city_aggregate,0.9875722,0.1090894
day,2016-12-13 00:00:00,1.2294521,,historical_city_aggregate,1.0966616,0.13279050000000003
day,2016-12-14 00:00:00,1.0737828,,historical_city_aggregate,1.2294521,-0.1556693
day,2016-12-15 00:00:00,1.0811423,,historical_city_aggregate,1.0737828,0.007359499999999963
day,2016-12-16 00:00:00,1.0867557,,historical_city_aggregate,1.0811423,0.005613400000000102
day,2016-12-19 00:00:00,1.3070459,,historical_city_aggregate,1.0867557,0.2202902
day,2016-12-20 00:00:00,1.0861225,,historical_city_aggregate,1.3070459,-0.2209234
day,2016-12-21 00:00:00,1.0899977,,historical_city_aggregate,1.0861225,0.0038751999999999676
day,2016-12-22 00:00:00,1.1070961,,historical_city_aggregate,1.0899977,0.017098399999999847
day,2016-12-23 00:00:00,1.0752268,,historical_city_aggregate,1.1070961,-0.03186929999999988
day,2016-12-26 00:00:00,1.2496394,,historical_city_aggregate,1.0752268,0.17441259999999992
day,2016-12-27 00:00:00,1.1681269,,historical_city_aggregate,1.2496394,-0.08151249999999988
day,2016-12-28 00:00:00,1.2043809,,historical_city_aggregate,1.1681269,0.03625400000000001
day,2016-12-29 00:00:00,1.150339,,historical_city_aggregate,1.2043809,-0.05404190000000009
day,2016-12-30 00:00:00,1.1670924,,historical_city_aggregate,1.150339,0.01675340000000003
day,2017-01-02 00:00:00,1.2885223,,historical_city_aggregate,1.1670924,0.12142989999999987
day,2017-01-03 00:00:00,1.0642204,,historical_city_aggregate,1.2885223,-0.22430189999999994
day,2017-01-04 00:00:00,1.1193183,,historical_city_aggregate,1.0642204,0.05509790000000003
day,2017-01-05 00:00:00,0.9666584,,historical_city_aggregate,1.1193183,-0.15265989999999996
day,2017-01-06 00:00:00,1.0415657,,historical_city_aggregate,0.9666584,0.07490730000000001
day,2017-01-09 00:00:00,1.0592714,,historical_city_aggregate,1.0415657,0.017705700000000046
day,2017-01-10 00:00:00,1.0088692,,historical_city_aggregate,1.0592714,-0.050402200000000175
day,2017-01-11 00:00:00,0.960195,,historical_city_aggregate,1.0088692,-0.04867419999999989
day,2017-01-12 00:00:00,1.0614745,,historical_city_aggregate,0.960195,0.10127950000000008
day,2017-01-13 00:00:00,1.0370931,,historical_city_aggregate,1.0614745,-0.024381399999999998
day,2017-01-16 00:00:00,1.0593086,,historical_city_aggregate,1.0370931,0.022215499999999944
day,2017-01-17 00:00:00,1.2218708,,historical_city_aggregate,1.0593086,0.1625622
day,2017-01-18 00:00:00,1.1164783,,historical_city_aggregate,1.2218708,-0.1053925
day,2017-01-19 00:00:00,1.0622817,,historical_city_aggregate,1.1164783,-0.05419660000000004
day,2017-01-20 00:00:00,1.1930116,,historical_city_aggregate,1.0622817,0.13072989999999995
day,2017-01-23 00:00:00,1.1930491,,historical_city_aggregate,1.1930116,3.750000000013465e-05
day,2017-01-24 00:00:00,1.147643,,historical_city_aggregate,1.1930491,-0.045406100000000116
day,2017-01-25 00:00:00,1.1002034,,historical_city_aggregate,1.147643,-0.047439599999999915
day,2017-01-26 00:00:00,1.0606441,,historical_city_aggregate,1.1002034,-0.039559300000000075
day,2017-01-27 00:00:00,1.1059808,,historical_city_aggregate,1.0606441,0.04533670000000001
day,2017-01-30 00:00:00,1.0602504,,historical_city_aggregate,1.1059808,-0.04573040000000006
day,2017-01-31 00:00:00,0.9922534,,historical_city_aggregate,1.0602504,-0.06799699999999997
day,2017-02-01 00:00:00,1.2433951,,historical_city_aggregate,0.9922534,0.25114170000000013
day,2017-02-02 00:00:00,1.1814533,,historical_city_aggregate,1.2433951,-0.06194180000000005
day,2017-02-03 00:00:00,1.172425,,historical_city_aggregate,1.1814533,-0.009028299999999989
day,2017-02-06 00:00:00,1.154259,,historical_city_aggregate,1.172425,-0.018166000000000126
day,2017-02-07 00:00:00,1.1734313,,historical_city_aggregate,1.154259,0.019172300000000142
day,2017-02-08 00:00:00,1.0831592,,historical_city_aggregate,1.1734313,-0.09027209999999997
day,2017-02-09 00:00:00,1.0059252,,historical_city_aggregate,1.0831592,-0.07723400000000002
day,2017-02-10 00:00:00,1.2016571,,historical_city_aggregate,1.0059252,0.19573189999999996
day,2017-02-13 00:00:00,1.0711054,,historical_city_aggregate,1.2016571,-0.13055170000000005
day,2017-02-14 00:00:00,1.3036877,,historical_city_aggregate,1.0711054,0.23258230000000002
day,2017-02-15 00:00:00,1.0506177,,historical_city_aggregate,1.3036877,-0.2530699999999999
day,2017-02-16 00:00:00,1.1202218,,historical_city_aggregate,1.0506177,0.06960409999999984
day,2017-02-17 00:00:00,1.1787041,,historical_city_aggregate,1.1202218,0.0584823000000001
day,2017-02-20 00:00:00,1.1293908,,historical_city_aggregate,1.1787041,-0.049313300000000115
day,2017-02-21 00:00:00,1.3100119,,historical_city_aggregate,1.1293908,0.18062109999999998
day,2017-02-22 00:00:00,2.4390786,,historical_city_aggregate,1.3100119,1.1290667000000003
day,2017-02-23 00:00:00,1.1892292,,historical_city_aggregate,2.4390786,-1.2498494000000002
day,2017-02-24 00:00:00,1.0360028,,historical_city_aggregate,1.1892292,-0.1532264000000001
day,2017-02-27 00:00:00,1.0383517,,historical_city_aggregate,1.0360028,0.002348900000000098
day,2017-02-28 00:00:00,1.1054851,,historical_city_aggregate,1.0383517,0.06713340000000012
day,2017-03-01 00:00:00,1.1668748,,historical_city_aggregate,1.1054851,0.06138969999999988
day,2017-03-02 00:00:00,1.1062146,,historical_city_aggregate,1.1668748,-0.06066020000000005
day,2017-03-03 00:00:00,1.1097236,,historical_city_aggregate,1.1062146,0.0035089999999999844
day,2017-03-06 00:00:00,1.1303596,,historical_city_aggregate,1.1097236,0.0206360000000001
day,2017-03-07 00:00:00,1.1704123,,historical_city_aggregate,1.1303596,0.04005269999999994
day,2017-03-08 00:00:00,1.0702961,,historical_city_aggregate,1.1704123,-0.10011619999999999
day,2017-03-09 00:00:00,1.0392337,,historical_city_aggregate,1.0702961,-0.031062399999999935
day,2017-03-10 00:00:00,1.2299438,,historical_city_aggregate,1.0392337,0.1907101
day,2017-03-13 00:00:00,1.1538082,,historical_city_aggregate,1.2299438,-0.07613559999999997
day,2017-03-14 00:00:00,1.1357835,,historical_city_aggregate,1.1538082,-0.018024700000000005
day,2017-03-15 00:00:00,1.1154174,,historical_city_aggregate,1.1357835,-0.020366100000000165
day,2017-03-16 00:00:00,1.2234966,,historical_city_aggregate,1.1154174,0.10807920000000015
day,2017-03-17 00:00:00,1.1164689,,historical_city_aggregate,1.2234966,-0.10702769999999995
day,2017-03-20 00:00:00,1.0318154,,historical_city_aggregate,1.1164689,-0.08465350000000016
day,2017-03-21 00:00:00,1.073979,,historical_city_aggregate,1.0318154,0.04216360000000008
day,2017-03-22 00:00:00,1.0922771,,historical_city_aggregate,1.073979,0.018298099999999984
day,2017-03-23 00:00:00,1.0536153,,historical_city_aggregate,1.0922771,-0.03866180000000008
day,2017-03-24 00:00:00,0.9990381,,historical_city_aggregate,1.0536153,-0.05457719999999988
day,2017-03-27 00:00:00,1.1052462,,historical_city_aggregate,0.9990381,0.10620810000000003
day,2017-03-28 00:00:00,1.1423752,,historical_city_aggregate,1.1052462,0.03712899999999997
day,2017-03-29 00:00:00,1.0568116,,historical_city_aggregate,1.1423752,-0.08556359999999996
day,2017-03-30 00:00:00,1.0484198,,historical_city_aggregate,1.0568116,-0.00839180000000006
day,2017-03-31 00:00:00,1.0854538,,historical_city_aggregate,1.0484198,0.03703400000000001
day,2017-04-03 00:00:00,1.08791,,historical_city_aggregate,1.0854538,0.0024561999999999085
day,2017-04-04 00:00:00,1.0996313,,historical_city_aggregate,1.08791,0.011721300000000046
day,2017-04-05 00:00:00,1.023817,,historical_city_aggregate,1.0996313,-0.0758143
day,2017-04-06 00:00:00,1.1159757,,historical_city_aggregate,1.023817,0.09215869999999993
day,2017-04-07 00:00:00,1.1461501,,historical_city_aggregate,1.1159757,0.030174400000000157
day,2017-04-10 00:00:00,1.0149169,,historical_city_aggregate,1.1461501,-0.13123320000000005
day,2017-04-11 00:00:00,1.0673809,,historical_city_aggregate,1.0149169,0.052464000000000066
day,2017-04-12 00:00:00,0.982617,,historical_city_aggregate,1.0673809,-0.08476390000000011
day,2017-04-13 00:00:00,1.1352997,,historical_city_aggregate,0.982617,0.15268270000000006
day,2017-04-14 00:00:00,1.0627072,,historical_city_aggregate,1.1352997,-0.07259250000000006
day,2017-04-17 00:00:00,1.1046327,,historical_city_aggregate,1.0627072,0.04192550000000006
day,2017-04-18 00:00:00,1.077121,,historical_city_aggregate,1.1046327,-0.027511700000000028
day,2017-04-19 00:00:00,1.1254305,,historical_city_aggregate,1.077121,0.048309500000000005
day,2017-04-20 00:00:00,1.1075747,,historical_city_aggregate,1.1254305,-0.017855799999999977
day,2017-04-21 00:00:00,1.2566809,,historical_city_aggregate,1.1075747,0.14910620000000008
day,2017-04-24 00:00:00,1.165192,,historical_city_aggregate,1.2566809,-0.0914889000000001
day,2017-04-25 00:00:00,1.245255,,historical_city_aggregate,1.165192,0.080063
day,2017-04-26 00:00:00,1.1054937,,historical_city_aggregate,1.245255,-0.13976129999999998
day,2017-04-27 00:00:00,1.0652825,,historical_city_aggregate,1.1054937,-0.040211200000000114
day,2017-04-28 00:00:00,1.0699979,,historical_city_aggregate,1.0652825,0.004715400000000036
day,2017-05-01 00:00:00,0.882135,,historical_city_aggregate,1.0699979,-0.18786289999999994
day,2017-05-02 00:00:00,1.1649822,,historical_city_aggregate,0.882135,0.2828472000000001
day,2017-05-03 00:00:00,1.1051761,,historical_city_aggregate,1.1649822,-0.059806100000000084
day,2017-05-04 00:00:00,1.218288,,historical_city_aggregate,1.1051761,0.11311190000000004
day,2017-05-05 00:00:00,1.1581483,,historical_city_aggregate,1.218288,-0.06013970000000013
day,2017-05-08 00:00:00,1.0242176,,historical_city_aggregate,1.1581483,-0.13393069999999985
day,2017-05-09 00:00:00,1.1205233,,historical_city_aggregate,1.0242176,0.09630570000000005
day,2017-05-10 00:00:00,1.0768811,,historical_city_aggregate,1.1205233,-0.043642200000000075
day,2017-05-11 00:00:00,1.1071527,,historical_city_aggregate,1.0768811,0.030271600000000065
day,2017-05-12 00:00:00,0.9689273,,historical_city_aggregate,1.1071527,-0.13822540000000005
day,2017-05-15 00:00:00,1.0679915,,historical_city_aggregate,0.9689273,0.09906419999999994
day,2017-05-16 00:00:00,1.2569873,,historical_city_aggregate,1.0679915,0.18899580000000005
day,2017-05-17 00:00:00,1.6044739,,historical_city_aggregate,1.2569873,0.34748659999999987
day,2017-05-18 00:00:00,1.0416775,,historical_city_aggregate,1.6044739,-0.5627963999999999
day,2017-05-19 00:00:00,1.0985398,,historical_city_aggregate,1.0416775,0.05686229999999992
day,2017-05-22 00:00:00,0.9962108,,historical_city_aggregate,1.0985398,-0.102329
day,2017-05-23 00:00:00,1.238115,,historical_city_aggregate,0.9962108,0.24190420000000012
day,2017-05-24 00:00:00,1.1983583,,historical_city_aggregate,1.238115,-0.03975670000000009
day,2017-05-25 00:00:00,1.1409234,,historical_city_aggregate,1.1983583,-0.057434900000000066
day,2017-05-26 00:00:00,1.0585947,,historical_city_aggregate,1.1409234,-0.08232869999999992
day,2017-05-29 00:00:00,0.9811244,,historical_city_aggregate,1.0585947,-0.07747029999999999
day,2017-05-30 00:00:00,1.2245179,,historical_city_aggregate,0.9811244,0.24339349999999993
day,2017-05-31 00:00:00,1.0464941,,historical_city_aggregate,1.2245179,-0.17802379999999984
day,2017-06-01 00:00:00,1.1818399,,historical_city_aggregate,1.0464941,0.13534579999999985
day,2017-06-02 00:00:00,1.0331569,,historical_city_aggregate,1.1818399,-0.1486829999999999
day,2017-06-05 00:00:00,1.0957379,,historical_city_aggregate,1.0331569,0.062581
day,2017-06-06 00:00:00,1.1003024,,historical_city_aggregate,1.0957379,0.00456449999999986
day,2017-06-07 00:00:00,1.0648942,,historical_city_aggregate,1.1003024,-0.0354082
day,2017-06-08 00:00:00,1.0366256,,historical_city_aggregate,1.0648942,-0.028268599999999866
day,2017-06-09 00:00:00,1.1607366,,historical_city_aggregate,1.0366256,0.12411099999999986
day,2017-06-12 00:00:00,1.1906437,,historical_city_aggregate,1.1607366,0.029907100000000186
day,2017-06-13 00:00:00,1.1332525,,historical_city_aggregate,1.1906437,-0.05739120000000009
day,2017-06-14 00:00:00,0.9998751,,historical_city_aggregate,1.1332525,-0.13337739999999998
day,2017-06-15 00:00:00,1.2166577,,historical_city_aggregate,0.9998751,0.21678260000000005
day,2017-06-16 00:00:00,1.0854537,,historical_city_aggregate,1.2166577,-0.1312040000000001
day,2017-06-19 00:00:00,1.1110695,,historical_city_aggregate,1.0854537,0.025615799999999966
day,2017-06-20 00:00:00,1.1074889,,historical_city_aggregate,1.1110695,-0.003580599999999823
day,2017-06-21 00:00:00,1.1265656,,historical_city_aggregate,1.1074889,0.019076699999999835
day,2017-06-22 00:00:00,1.1562289,,historical_city_aggregate,1.1265656,0.029663299999999948
day,2017-06-23 00:00:00,1.0703538,,historical_city_aggregate,1.1562289,-0.08587509999999998
day,2017-06-26 00:00:00,0.9954162,,historical_city_aggregate,1.0703538,-0.07493759999999994
day,2017-06-27 00:00:00,1.0030555,,historical_city_aggregate,0.9954162,0.0076393000000001265
day,2017-06-28 00:00:00,1.0396351,,historical_city_aggregate,1.0030555,0.03657959999999982
day,2017-06-29 00:00:00,1.0357729,,historical_city_aggregate,1.0396351,-0.003862199999999927
day,2017-06-30 00:00:00,1.0842149,,historical_city_aggregate,1.0357729,0.048442000000000096
day,2017-07-03 00:00:00,1.0813183,,historical_city_aggregate,1.0842149,-0.002896600000000138
day,2017-07-04 00:00:00,0.9823941,,historical_city_aggregate,1.0813183,-0.0989241999999999
day,2017-07-05 00:00:00,1.0893114,,historical_city_aggregate,0.9823941,0.10691729999999988
day,2017-07-06 00:00:00,1.1020957,,historical_city_aggregate,1.0893114,0.012784300000000082
day,2017-07-07 00:00:00,0.9916403,,historical_city_aggregate,1.1020957,-0.11045539999999998
day,2017-07-10 00:00:00,1.131662,,historical_city_aggregate,0.9916403,0.14002169999999992
day,2017-07-11 00:00:00,1.1842812,,historical_city_aggregate,1.131662,0.05261920000000009
day,2017-07-12 00:00:00,1.1000921,,historical_city_aggregate,1.1842812,-0.08418910000000013
day,2017-07-13 00:00:00,1.2672896,,historical_city_aggregate,1.1000921,0.1671975000000001
day,2017-07-14 00:00:00,1.2801528,,historical_city_aggregate,1.2672896,0.012863199999999964
day,2017-07-17 00:00:00,1.1438052,,historical_city_aggregate,1.2801528,-0.1363475999999999
day,2017-07-18 00:00:00,1.172238,,historical_city_aggregate,1.1438052,0.028432799999999814
day,2017-07-19 00:00:00,1.1135613,,historical_city_aggregate,1.172238,-0.058676699999999915
day,2017-07-20 00:00:00,1.1798929,,historical_city_aggregate,1.1135613,0.06633160000000005
day,2017-07-21 00:00:00,1.1154975,,historical_city_aggregate,1.1798929,-0.06439539999999999
day,2017-07-24 00:00:00,1.1262265,,historical_city_aggregate,1.1154975,0.010728999999999989
day,2017-07-25 00:00:00,1.2148533,,historical_city_aggregate,1.1262265,0.0886267999999999
day,2017-07-26 00:00:00,1.1027494,,historical_city_aggregate,1.2148533,-0.11210389999999992
day,2017-07-27 00:00:00,1.0530803,,historical_city_aggregate,1.1027494,-0.04966910000000002
day,2017-07-28 00:00:00,1.1898746,,historical_city_aggregate,1.0530803,0.13679430000000004
day,2017-07-31 00:00:00,1.0589181,,historical_city_aggregate,1.1898746,-0.13095649999999992
day,2017-08-01 00:00:00,1.1882465,,historical_city_aggregate,1.0589181,0.1293283999999999
day,2017-08-02 00:00:00,1.1458063,,historical_city_aggregate,1.1882465,-0.04244019999999993
day,2017-08-03 00:00:00,1.1693879,,historical_city_aggregate,1.1458063,0.02358159999999998
day,2017-08-04 00:00:00,1.0049423,,historical_city_aggregate,1.1693879,-0.16444560000000008
day,2017-08-07 00:00:00,1.0906244,,historical_city_aggregate,1.0049423,0.0856821000000001
day,2017-08-08 00:00:00,1.2846371,,historical_city_aggregate,1.0906244,0.19401270000000004
day,2017-08-09 00:00:00,0.9843222,,historical_city_aggregate,1.2846371,-0.30031490000000005
day,2017-08-10 00:00:00,1.1169435,,historical_city_aggregate,0.9843222,0.13262130000000005
day,2017-08-11 00:00:00,1.0368245,,historical_city_aggregate,1.1169435,-0.08011900000000005
day,2017-08-14 00:00:00,1.0489416,,historical_city_aggregate,1.0368245,0.012117099999999992
day,2017-08-15 00:00:00,1.0483957,,historical_city_aggregate,1.0489416,-0.0005459000000000991
day,2017-08-16 00:00:00,1.1558879,,historical_city_aggregate,1.0483957,0.10749220000000004
day,2017-08-17 00:00:00,1.0759366,,historical_city_aggregate,1.1558879,-0.07995130000000006
day,2017-08-18 00:00:00,1.0203399,,historical_city_aggregate,1.0759366,-0.05559669999999994
day,2017-08-21 00:00:00,1.0333653,,historical_city_aggregate,1.0203399,0.013025400000000076
day,2017-08-22 00:00:00,1.1024585,,historical_city_aggregate,1.0333653,0.06909319999999997
day,2017-08-23 00:00:00,1.1417794,,historical_city_aggregate,1.1024585,0.0393209000000001
day,2017-08-24 00:00:00,1.1186728,,historical_city_aggregate,1.1417794,-0.0231066000000002
day,2017-08-25 00:00:00,1.0052555,,historical_city_aggregate,1.1186728,-0.11341729999999983
day,2017-08-28 00:00:00,1.0747849,,historical_city_aggregate,1.0052555,0.06952939999999996
day,2017-08-29 00:00:00,1.0735091,,historical_city_aggregate,1.0747849,-0.001275799999999938
day,2017-08-30 00:00:00,1.0173626,,historical_city_aggregate,1.0735091,-0.0561465000000001
day,2017-08-31 00:00:00,1.0481567,,historical_city_aggregate,1.0173626,0.030794100000000046
day,2017-09-01 00:00:00,1.1145661,,historical_city_aggregate,1.0481567,0.06640939999999995
day,2017-09-04 00:00:00,1.2175162,,historical_city_aggregate,1.1145661,0.10295009999999993
day,2017-09-05 00:00:00,1.3394285,,historical_city_aggregate,1.2175162,0.12191229999999997
day,2017-09-06 00:00:00,1.0398039,,historical_city_aggregate,1.3394285,-0.2996246
day,2017-09-07 00:00:00,1.0772514,,historical_city_aggregate,1.0398039,0.03744750000000008
day,2017-09-08 00:00:00,1.2226038,,historical_city_aggregate,1.0772514,0.14535239999999994
day,2017-09-11 00:00:00,1.2216043,,historical_city_aggregate,1.2226038,-0.00099949999999982
day,2017-09-12 00:00:00,1.1054549,,historical_city_aggregate,1.2216043,-0.11614940000000007
day,2017-09-13 00:00:00,1.1364217,,historical_city_aggregate,1.1054549,0.030966800000000072
day,2017-09-14 00:00:00,0.9916576,,historical_city_aggregate,1.1364217,-0.14476410000000006
day,2017-09-15 00:00:00,1.0430556,,historical_city_aggregate,0.9916576,0.051397999999999944
day,2017-09-18 00:00:00,1.0168183,,historical_city_aggregate,1.0430556,-0.02623730000000002
day,2017-09-19 00:00:00,1.0842176,,historical_city_aggregate,1.0168183,0.06739929999999994
day,2017-09-20 00:00:00,1.0324316,,historical_city_aggregate,1.0842176,-0.05178599999999989
day,2017-09-21 00:00:00,1.0822814,,historical_city_aggregate,1.0324316,0.049849800000000055
day,2017-09-22 00:00:00,1.1234465,,historical_city_aggregate,1.0822814,0.041165099999999955
day,2017-09-25 00:00:00,1.1128198,,historical_city_aggregate,1.1234465,-0.010626699999999989
day,2017-09-26 00:00:00,1.1714279,,historical_city_aggregate,1.1128198,0.05860810000000005
day,2017-09-27 00:00:00,1.1049306,,historical_city_aggregate,1.1714279,-0.06649729999999998
day,2017-09-28 00:00:00,1.0122418,,historical_city_aggregate,1.1049306,-0.09268880000000013
day,2017-09-29 00:00:00,1.0429693,,historical_city_aggregate,1.0122418,0.03072750000000002
day,2017-10-02 00:00:00,1.1257665,,historical_city_aggregate,1.0429693,0.0827971999999999
day,2017-10-03 00:00:00,1.0225481,,historical_city_aggregate,1.1257665,-0.10321839999999982
day,2017-10-04 00:00:00,1.1679754,,historical_city_aggregate,1.0225481,0.14542729999999993
day,2017-10-05 00:00:00,0.9977237,,historical_city_aggregate,1.1679754,-0.1702517
day,2017-10-06 00:00:00,1.0837962,,historical_city_aggregate,0.9977237,0.08607250000000011
day,2017-10-09 00:00:00,1.0312507,,historical_city_aggregate,1.0837962,-0.052545500000000134
day,2017-10-10 00:00:00,1.077242,,historical_city_aggregate,1.0312507,0.04599130000000007
day,2017-10-11 00:00:00,1.0821884,,historical_city_aggregate,1.077242,0.004946399999999906
day,2017-10-12 00:00:00,1.0451491,,historical_city_aggregate,1.0821884,-0.0370393
day,2017-10-13 00:00:00,1.1374329,,historical_city_aggregate,1.0451491,0.09228380000000014
day,2017-10-16 00:00:00,0.975924,,historical_city_aggregate,1.1374329,-0.16150890000000007
day,2017-10-17 00:00:00,1.1193886,,historical_city_aggregate,0.975924,0.14346459999999994
day,2017-10-18 00:00:00,1.0923956,,historical_city_aggregate,1.1193886,-0.026993000000000045
day,2017-10-19 00:00:00,1.0813419,,historical_city_aggregate,1.0923956,-0.011053699999999944
day,2017-10-20 00:00:00,1.1671177,,historical_city_aggregate,1.0813419,0.08577579999999996
day,2017-10-23 00:00:00,0.96214,,historical_city_aggregate,1.1671177,-0.20497769999999993
day,2017-10-24 00:00:00,1.1965295,,historical_city_aggregate,0.96214,0.23438950000000003
day,2017-10-25 00:00:00,1.0375709,,historical_city_aggregate,1.1965295,-0.15895860000000006
day,2017-10-26 00:00:00,1.072582,,historical_city_aggregate,1.0375709,0.03501109999999996
day,2017-10-27 00:00:00,1.0668445,,historical_city_aggregate,1.072582,-0.005737499999999951
day,2017-10-30 00:00:00,1.0687124,,historical_city_aggregate,1.0668445,0.0018678999999999224
day,2017-10-31 00:00:00,0.9649148,,historical_city_aggregate,1.0687124,-0.10379759999999993
day,2017-11-01 00:00:00,1.1760186,,historical_city_aggregate,0.9649148,0.21110379999999995
day,2017-11-02 00:00:00,1.2130751,,historical_city_aggregate,1.1760186,0.03705650000000005
day,2017-11-03 00:00:00,1.1834252,,historical_city_aggregate,1.2130751,-0.029649899999999896
day,2017-11-06 00:00:00,0.9258127,,historical_city_aggregate,1.1834252,-0.2576125
day,2017-11-07 00:00:00,1.1376899,,historical_city_aggregate,0.9258127,0.2118772
day,2017-11-08 00:00:00,1.089252,,historical_city_aggregate,1.1376899,-0.04843789999999992
day,2017-11-09 00:00:00,1.105319,,historical_city_aggregate,1.089252,0.01606699999999983
day,2017-11-10 00:00:00,1.042189,,historical_city_aggregate,1.105319,-0.06312999999999991
day,2017-11-13 00:00:00,1.1031403,,historical_city_aggregate,1.042189,0.06095129999999993
day,2017-11-14 00:00:00,1.1359998,,historical_city_aggregate,1.1031403,0.03285950000000004
day,2017-11-15 00:00:00,0.9891359,,historical_city_aggregate,1.1359998,-0.14686390000000005
day,2017-11-16 00:00:00,1.1314577,,historical_city_aggregate,0.9891359,0.14232179999999994
day,2017-11-17 00:00:00,1.0768862,,historical_city_aggregate,1.1314577,-0.054571499999999995
day,2017-11-20 00:00:00,1.1772171,,historical_city_aggregate,1.0768862,0.10033090000000011
day,2017-11-21 00:00:00,1.0955404,,historical_city_aggregate,1.1772171,-0.08167670000000005
day,2017-11-22 00:00:00,1.085374,,historical_city_aggregate,1.0955404,-0.010166399999999909
day,2017-11-23 00:00:00,1.1775559,,historical_city_aggregate,1.085374,0.09218189999999993
day,2017-11-24 00:00:00,1.4943163,,historical_city_aggregate,1.1775559,0.31676039999999994
day,2017-11-27 00:00:00,1.0748861,,historical_city_aggregate,1.4943163,-0.41943019999999986
day,2017-11-28 00:00:00,1.044611,,historical_city_aggregate,1.0748861,-0.03027510000000011
day,2017-11-29 00:00:00,1.0884028,,historical_city_aggregate,1.044611,0.043791799999999936
day,2017-11-30 00:00:00,1.120151,,historical_city_aggregate,1.0884028,0.031748200000000004
day,2017-12-01 00:00:00,1.1673054,,historical_city_aggregate,1.120151,0.04715440000000015
day,2017-12-04 00:00:00,1.2037724,,historical_city_aggregate,1.1673054,0.03646700000000003
day,2017-12-05 00:00:00,1.0859483,,historical_city_aggregate,1.2037724,-0.11782409999999999
day,2017-12-06 00:00:00,1.2405486,,historical_city_aggregate,1.0859483,0.1546002999999998
day,2017-12-07 00:00:00,1.087031,,historical_city_aggregate,1.2405486,-0.1535175999999998
day,2017-12-08 00:00:00,1.160046,,historical_city_aggregate,1.087031,0.07301499999999983
day,2017-12-11 00:00:00,0.8889967,,historical_city_aggregate,1.160046,-0.27104929999999994
day,2017-12-12 00:00:00,1.1633229,,historical_city_aggregate,0.8889967,0.2743262000000001
day,2017-12-13 00:00:00,1.0379886,,historical_city_aggregate,1.1633229,-0.1253343
day,2017-12-14 00:00:00,1.1239438,,historical_city_aggregate,1.0379886,0.0859551999999999
day,2017-12-15 00:00:00,1.0622901,,historical_city_aggregate,1.1239438,-0.06165369999999992
day,2017-12-18 00:00:00,1.0157522,,historical_city_aggregate,1.0622901,-0.04653789999999991
day,2017-12-19 00:00:00,1.0401099,,historical_city_aggregate,1.0157522,0.024357699999999927
day,2017-12-20 00:00:00,1.0597848,,historical_city_aggregate,1.0401099,0.01967490000000005
day,2017-12-21 00:00:00,1.0924561,,historical_city_aggregate,1.0597848,0.03267129999999985
day,2017-12-22 00:00:00,1.1051864,,historical_city_aggregate,1.0924561,0.012730300000000083
day,2017-12-25 00:00:00,1.1939695,,historical_city_aggregate,1.1051864,0.08878309999999989
day,2017-12-26 00:00:00,1.4957916,,historical_city_aggregate,1.1939695,0.3018221000000001
day,2017-12-27 00:00:00,1.1898358,,historical_city_aggregate,1.4957916,-0.3059558
day,2017-12-28 00:00:00,1.2513872,,historical_city_aggregate,1.1898358,0.06155139999999992
day,2017-12-29 00:00:00,1.0957294,,historical_city_aggregate,1.2513872,-0.15565779999999996
day,2018-01-01 00:00:00,1.0634522,,historical_city_aggregate,1.0957294,-0.032277200000000006
day,2018-01-02 00:00:00,1.2741456,,historical_city_aggregate,1.0634522,0.21069340000000003
day,2018-01-03 00:00:00,1.0343603,,historical_city_aggregate,1.2741456,-0.2397853000000001
day,2018-01-04 00:00:00,1.0365781,,historical_city_aggregate,1.0343603,0.0022178000000001585
day,2018-01-05 00:00:00,1.255171,,historical_city_aggregate,1.0365781,0.21859289999999998
day,2018-01-08 00:00:00,1.0410639,,historical_city_aggregate,1.255171,-0.2141071000000001
day,2018-01-09 00:00:00,1.0470035,,historical_city_aggregate,1.0410639,0.005939600000000045
day,2018-01-10 00:00:00,1.1933137,,historical_city_aggregate,1.0470035,0.14631020000000006
day,2018-01-11 00:00:00,1.0256547,,historical_city_aggregate,1.1933137,-0.167659
day,2018-01-12 00:00:00,1.0086499,,historical_city_aggregate,1.0256547,-0.017004800000000042
day,2018-01-15 00:00:00,1.0556387,,historical_city_aggregate,1.0086499,0.04698880000000005
day,2018-01-16 00:00:00,1.2514614,,historical_city_aggregate,1.0556387,0.1958226999999999
day,2018-01-17 00:00:00,1.0831225,,historical_city_aggregate,1.2514614,-0.16833889999999996
day,2018-01-18 00:00:00,1.1323079,,historical_city_aggregate,1.0831225,0.049185400000000046
day,2018-01-19 00:00:00,1.1220206,,historical_city_aggregate,1.1323079,-0.01028730000000011
day,2018-01-22 00:00:00,1.0557651,,historical_city_aggregate,1.1220206,-0.06625550000000002
day,2018-01-23 00:00:00,1.1909495,,historical_city_aggregate,1.0557651,0.1351844000000002
day,2018-01-24 00:00:00,1.1987582,,historical_city_aggregate,1.1909495,0.007808700000000002
day,2018-01-25 00:00:00,1.1421152,,historical_city_aggregate,1.1987582,-0.056643
day,2018-01-26 00:00:00,1.0749965,,historical_city_aggregate,1.1421152,-0.0671187000000002
day,2018-01-29 00:00:00,1.0440417,,historical_city_aggregate,1.0749965,-0.03095479999999995
day,2018-01-30 00:00:00,1.1283592,,historical_city_aggregate,1.0440417,0.08431750000000005
day,2018-01-31 00:00:00,1.0716089,,historical_city_aggregate,1.1283592,-0.05675030000000003
day,2018-02-01 00:00:00,1.1229646,,historical_city_aggregate,1.0716089,0.051355700000000004
day,2018-02-02 00:00:00,1.0673443,,historical_city_aggregate,1.1229646,-0.055620299999999956
day,2018-02-05 00:00:00,1.1457679,,historical_city_aggregate,1.0673443,0.07842360000000004
day,2018-02-06 00:00:00,1.0492028,,historical_city_aggregate,1.1457679,-0.09656510000000007
day,2018-02-07 00:00:00,1.0455588,,historical_city_aggregate,1.0492028,-0.0036439999999999806
day,2018-02-08 00:00:00,1.0798684,,historical_city_aggregate,1.0455588,0.03430960000000005
day,2018-02-09 00:00:00,1.1315661,,historical_city_aggregate,1.0798684,0.05169769999999985
day,2018-02-12 00:00:00,1.0702233,,historical_city_aggregate,1.1315661,-0.06134279999999981
day,2018-02-13 00:00:00,1.1296281,,historical_city_aggregate,1.0702233,0.05940479999999981
day,2018-02-14 00:00:00,1.1816618,,historical_city_aggregate,1.1296281,0.05203370000000018
day,2018-02-15 00:00:00,0.9558789,,historical_city_aggregate,1.1816618,-0.22578290000000012
day,2018-02-16 00:00:00,1.1254625,,historical_city_aggregate,0.9558789,0.16958360000000006
day,2018-02-19 00:00:00,1.0828921,,historical_city_aggregate,1.1254625,-0.04257040000000001
day,2018-02-20 00:00:00,1.1331712,,historical_city_aggregate,1.0828921,0.05027910000000002
day,2018-02-21 00:00:00,1.1601763,,historical_city_aggregate,1.1331712,0.027005100000000004
day,2018-02-22 00:00:00,1.0147536,,historical_city_aggregate,1.1601763,-0.14542270000000013
day,2018-02-23 00:00:00,1.0572645,,historical_city_aggregate,1.0147536,0.04251090000000013
day,2018-02-26 00:00:00,0.983893,,historical_city_aggregate,1.0572645,-0.07337150000000003
day,2018-02-27 00:00:00,1.0948333,,historical_city_aggregate,0.983893,0.11094029999999988
day,2018-02-28 00:00:00,1.164515,,historical_city_aggregate,1.0948333,0.06968170000000007
day,2018-03-01 00:00:00,1.0627647,,historical_city_aggregate,1.164515,-0.10175029999999996
day,2018-03-02 00:00:00,1.1557922,,historical_city_aggregate,1.0627647,0.09302750000000004
day,2018-03-05 00:00:00,1.020226,,historical_city_aggregate,1.1557922,-0.13556619999999997
day,2018-03-06 00:00:00,1.1501704,,historical_city_aggregate,1.020226,0.12994439999999985
day,2018-03-07 00:00:00,1.1533685,,historical_city_aggregate,1.1501704,0.0031981000000000925
day,2018-03-08 00:00:00,1.0946513,,historical_city_aggregate,1.1533685,-0.058717200000000025
day,2018-03-09 00:00:00,1.0384991,,historical_city_aggregate,1.0946513,-0.056152200000000096
day,2018-03-12 00:00:00,1.0165453,,historical_city_aggregate,1.0384991,-0.021953799999999912
day,2018-03-13 00:00:00,1.1596714,,historical_city_aggregate,1.0165453,0.14312609999999992
day,2018-03-14 00:00:00,1.1781754,,historical_city_aggregate,1.1596714,0.018504000000000076
day,2018-03-15 00:00:00,1.1979455,,historical_city_aggregate,1.1781754,0.019770100000000124
day,2018-03-16 00:00:00,1.2243655,,historical_city_aggregate,1.1979455,0.026419999999999888
day,2018-03-19 00:00:00,1.0972158,,historical_city_aggregate,1.2243655,-0.12714969999999992
day,2018-03-20 00:00:00,1.1104425,,historical_city_aggregate,1.0972158,0.013226699999999925
day,2018-03-21 00:00:00,1.109655,,historical_city_aggregate,1.1104425,-0.000787499999999941
day,2018-03-22 00:00:00,1.0113678,,historical_city_aggregate,1.109655,-0.09828720000000013
day,2018-03-23 00:00:00,1.1208495,,historical_city_aggregate,1.0113678,0.10948170000000013
day,2018-03-26 00:00:00,1.0463768,,historical_city_aggregate,1.1208495,-0.07447270000000006
day,2018-03-27 00:00:00,1.0890087,,historical_city_aggregate,1.0463768,0.042631899999999945
day,2018-03-28 00:00:00,1.1203137,,historical_city_aggregate,1.0890087,0.03130500000000014
day,2018-03-29 00:00:00,1.0957082,,historical_city_aggregate,1.1203137,-0.024605500000000058
day,2018-03-30 00:00:00,1.0384902,,historical_city_aggregate,1.0957082,-0.05721799999999999
day,2018-04-02 00:00:00,0.9556898,,historical_city_aggregate,1.0384902,-0.0828004
day,2018-04-03 00:00:00,1.1310368,,historical_city_aggregate,0.9556898,0.17534699999999992
day,2018-04-04 00:00:00,1.0584672,,historical_city_aggregate,1.1310368,-0.07256960000000001
day,2018-04-05 00:00:00,1.1902839,,historical_city_aggregate,1.0584672,0.13181670000000012
day,2018-04-06 00:00:00,1.0781003,,historical_city_aggregate,1.1902839,-0.11218360000000005
day,2018-04-09 00:00:00,1.0564085,,historical_city_aggregate,1.0781003,-0.021691799999999928
day,2018-04-10 00:00:00,1.050509,,historical_city_aggregate,1.0564085,-0.0058995000000001685
day,2018-04-11 00:00:00,1.2159117,,historical_city_aggregate,1.050509,0.1654027
day,2018-04-12 00:00:00,1.0987176,,historical_city_aggregate,1.2159117,-0.11719409999999986
day,2018-04-13 00:00:00,1.1086652,,historical_city_aggregate,1.0987176,0.009947599999999834
day,2018-04-16 00:00:00,0.9771262,,historical_city_aggregate,1.1086652,-0.13153899999999996
day,2018-04-17 00:00:00,1.1850916,,historical_city_aggregate,0.9771262,0.20796540000000008
day,2018-04-18 00:00:00,1.1664037,,historical_city_aggregate,1.1850916,-0.01868789999999998
day,2018-04-19 00:00:00,1.1810121,,historical_city_aggregate,1.1664037,0.014608399999999966
day,2018-04-20 00:00:00,1.1024664,,historical_city_aggregate,1.1810121,-0.07854570000000005
day,2018-04-23 00:00:00,1.0342477,,historical_city_aggregate,1.1024664,-0.06821869999999985
day,2018-04-24 00:00:00,1.0929616,,historical_city_aggregate,1.0342477,0.058713899999999875
day,2018-04-25 00:00:00,1.0244387,,historical_city_aggregate,1.0929616,-0.06852290000000005
day,2018-04-26 00:00:00,1.1331056,,historical_city_aggregate,1.0244387,0.10866690000000001
day,2018-04-27 00:00:00,1.1230337,,historical_city_aggregate,1.1331056,-0.010071900000000023
day,2018-04-30 00:00:00,1.0649389,,historical_city_aggregate,1.1230337,-0.05809479999999989
day,2018-05-01 00:00:00,1.0701733,,historical_city_aggregate,1.0649389,0.005234399999999972
day,2018-05-02 00:00:00,1.221453,,historical_city_aggregate,1.0701733,0.1512796999999999
day,2018-05-03 00:00:00,1.021163,,historical_city_aggregate,1.221453,-0.20028999999999986
day,2018-05-04 00:00:00,1.0412184,,historical_city_aggregate,1.021163,0.020055399999999945
day,2018-05-07 00:00:00,1.0300594,,historical_city_aggregate,1.0412184,-0.011158999999999919
day,2018-05-08 00:00:00,1.0800919,,historical_city_aggregate,1.0300594,0.050032499999999924
day,2018-05-09 00:00:00,1.0058015,,historical_city_aggregate,1.0800919,-0.07429039999999998
day,2018-05-10 00:00:00,1.1001323,,historical_city_aggregate,1.0058015,0.09433080000000005
day,2018-05-11 00:00:00,0.9821979,,historical_city_aggregate,1.1001323,-0.1179344000000001
day,2018-05-14 00:00:00,1.0928939,,historical_city_aggregate,0.9821979,0.11069600000000002
day,2018-05-15 00:00:00,1.2177535,,historical_city_aggregate,1.0928939,0.12485959999999996
day,2018-05-16 00:00:00,1.0973269,,historical_city_aggregate,1.2177535,-0.12042659999999983
day,2018-05-17 00:00:00,1.1675396,,historical_city_aggregate,1.0973269,0.0702126999999999
day,2018-05-18 00:00:00,1.1555099,,historical_city_aggregate,1.1675396,-0.012029700000000032
day,2018-05-21 00:00:00,0.9954895,,historical_city_aggregate,1.1555099,-0.16002039999999995
day,2018-05-22 00:00:00,1.0992534,,historical_city_aggregate,0.9954895,0.10376390000000002
day,2018-05-23 00:00:00,1.1354538,,historical_city_aggregate,1.0992534,0.03620040000000002
day,2018-05-24 00:00:00,1.121483,,historical_city_aggregate,1.1354538,-0.013970800000000061
day,2018-05-25 00:00:00,1.139798,,historical_city_aggregate,1.121483,0.01831500000000008
day,2018-05-28 00:00:00,1.0344757,,historical_city_aggregate,1.139798,-0.10532230000000009
day,2018-05-29 00:00:00,1.3865437,,historical_city_aggregate,1.0344757,0.35206800000000005
day,2018-05-30 00:00:00,1.0385772,,historical_city_aggregate,1.3865437,-0.34796650000000007
day,2018-05-31 00:00:00,1.049975,,historical_city_aggregate,1.0385772,0.011397800000000124
day,2018-06-01 00:00:00,1.149213,,historical_city_aggregate,1.049975,0.09923799999999994
day,2018-06-04 00:00:00,1.0600388,,historical_city_aggregate,1.149213,-0.08917419999999998
day,2018-06-05 00:00:00,1.1084682,,historical_city_aggregate,1.0600388,0.048429399999999845
day,2018-06-06 00:00:00,1.161025,,historical_city_aggregate,1.1084682,0.05255680000000007
day,2018-06-07 00:00:00,0.9907213,,historical_city_aggregate,1.161025,-0.17030369999999995
day,2018-06-08 00:00:00,1.0420222,,historical_city_aggregate,0.9907213,0.05130089999999987
day,2018-06-11 00:00:00,1.0267179,,historical_city_aggregate,1.0420222,-0.015304299999999937
day,2018-06-12 00:00:00,1.2332227,,historical_city_aggregate,1.0267179,0.20650480000000004
day,2018-06-13 00:00:00,1.0403037,,historical_city_aggregate,1.2332227,-0.19291900000000006
day,2018-06-14 00:00:00,1.0939968,,historical_city_aggregate,1.0403037,0.05369310000000005
day,2018-06-15 00:00:00,0.99215,,historical_city_aggregate,1.0939968,-0.10184680000000002
day,2018-06-18 00:00:00,1.2273955,,historical_city_aggregate,0.99215,0.2352455000000001
day,2018-06-19 00:00:00,1.0294055,,historical_city_aggregate,1.2273955,-0.1979900000000001
day,2018-06-20 00:00:00,1.1933235,,historical_city_aggregate,1.0294055,0.163918
day,2018-06-21 00:00:00,1.0310307,,historical_city_aggregate,1.1933235,-0.1622927999999999
day,2018-06-22 00:00:00,1.0252115,,historical_city_aggregate,1.0310307,-0.005819200000000135
day,2018-06-25 00:00:00,0.9813409,,historical_city_aggregate,1.0252115,-0.04387059999999998
day,2018-06-26 00:00:00,1.0744963,,historical_city_aggregate,0.9813409,0.09315540000000011
day,2018-06-27 00:00:00,1.0791649,,historical_city_aggregate,1.0744963,0.004668600000000023
day,2018-06-28 00:00:00,1.0609801,,historical_city_aggregate,1.0791649,-0.0181848
day,2018-06-29 00:00:00,1.137831,,historical_city_aggregate,1.0609801,0.07685089999999994
day,2018-07-02 00:00:00,0.9613411,,historical_city_aggregate,1.137831,-0.1764899000000001
day,2018-07-03 00:00:00,1.2097677,,historical_city_aggregate,0.9613411,0.24842660000000005
day,2018-07-04 00:00:00,1.118104,,historical_city_aggregate,1.2097677,-0.09166370000000001
day,2018-07-05 00:00:00,1.1376504,,historical_city_aggregate,1.118104,0.019546400000000075
day,2018-07-06 00:00:00,1.0020649,,historical_city_aggregate,1.1376504,-0.13558550000000014
day,2018-07-09 00:00:00,0.9955107,,historical_city_aggregate,1.0020649,-0.0065541999999999545
day,2018-07-10 00:00:00,1.2050411,,historical_city_aggregate,0.9955107,0.20953040000000012
day,2018-07-11 00:00:00,1.2057792,,historical_city_aggregate,1.2050411,0.0007380999999999638
day,2018-07-12 00:00:00,1.1152365,,historical_city_aggregate,1.2057792,-0.09054270000000009
day,2018-07-13 00:00:00,29.3469649,,historical_city_aggregate,1.1152365,28.2317284
day,2018-07-16 00:00:00,1.0256003,,historical_city_aggregate,29.3469649,-28.3213646
day,2018-07-17 00:00:00,1.1418809,,historical_city_aggregate,1.0256003,0.11628060000000007
day,2018-07-18 00:00:00,1.1717305,,historical_city_aggregate,1.1418809,0.02984959999999992
day,2018-07-19 00:00:00,1.190166,,historical_city_aggregate,1.1717305,0.01843550000000005
day,2018-07-20 00:00:00,1.1536645,,historical_city_aggregate,1.190166,-0.036501499999999965
day,2018-07-23 00:00:00,1.1427641,,historical_city_aggregate,1.1536645,-0.010900400000000143
day,2018-07-24 00:00:00,1.0547996,,historical_city_aggregate,1.1427641,-0.0879645
day,2018-07-25 00:00:00,1.0832724,,historical_city_aggregate,1.0547996,0.028472800000000076
day,2018-07-26 00:00:00,1.1969204,,historical_city_aggregate,1.0832724,0.11364799999999997
day,2018-07-27 00:00:00,1.2142154,,historical_city_aggregate,1.1969204,0.01729500000000006
day,2018-07-30 00:00:00,1.1647625,,historical_city_aggregate,1.2142154,-0.04945290000000013
day,2018-07-31 00:00:00,1.0583403,,historical_city_aggregate,1.1647625,-0.10642219999999991
day,2018-08-01 00:00:00,1.1849008,,historical_city_aggregate,1.0583403,0.12656050000000008
day,2018-08-02 00:00:00,1.1756687,,historical_city_aggregate,1.1849008,-0.009232100000000187
day,2018-08-03 00:00:00,1.1493429,,historical_city_aggregate,1.1756687,-0.026325799999999955
day,2018-08-06 00:00:00,1.2566622,,historical_city_aggregate,1.1493429,0.10731930000000012
day,2018-08-07 00:00:00,1.0465172,,historical_city_aggregate,1.2566622,-0.21014500000000003
day,2018-08-08 00:00:00,1.1106124,,historical_city_aggregate,1.0465172,0.06409519999999991
day,2018-08-09 00:00:00,1.1404611,,historical_city_aggregate,1.1106124,0.02984870000000006
day,2018-08-10 00:00:00,1.0810575,,historical_city_aggregate,1.1404611,-0.0594036
day,2018-08-13 00:00:00,1.003597,,historical_city_aggregate,1.0810575,-0.07746049999999993
day,2018-08-14 00:00:00,1.054814,,historical_city_aggregate,1.003597,0.051216999999999846
day,2018-08-15 00:00:00,0.9917566,,historical_city_aggregate,1.054814,-0.06305739999999993
day,2018-08-16 00:00:00,1.1075102,,historical_city_aggregate,0.9917566,0.1157535999999999
day,2018-08-17 00:00:00,1.0954527,,historical_city_aggregate,1.1075102,-0.012057499999999832
day,2018-08-20 00:00:00,1.077975,,historical_city_aggregate,1.0954527,-0.01747770000000015
day,2018-08-21 00:00:00,1.270557,,historical_city_aggregate,1.077975,0.19258200000000003
day,2018-08-22 00:00:00,1.2579894,,historical_city_aggregate,1.270557,-0.012567599999999901
day,2018-08-23 00:00:00,1.2120942,,historical_city_aggregate,1.2579894,-0.045895200000000136
day,2018-08-24 00:00:00,1.0424901,,historical_city_aggregate,1.2120942,-0.16960409999999992
day,2018-08-27 00:00:00,1.0758973,,historical_city_aggregate,1.0424901,0.03340720000000008
day,2018-08-28 00:00:00,1.1147342,,historical_city_aggregate,1.0758973,0.03883689999999995
day,2018-08-29 00:00:00,1.0887817,,historical_city_aggregate,1.1147342,-0.025952500000000045
day,2018-08-30 00:00:00,1.076662,,historical_city_aggregate,1.0887817,-0.012119699999999956
day,2018-08-31 00:00:00,1.0330833,,historical_city_aggregate,1.076662,-0.04357870000000008
day,2018-09-03 00:00:00,1.0584484,,historical_city_aggregate,1.0330833,0.02536510000000014
day,2018-09-04 00:00:00,1.0791954,,historical_city_aggregate,1.0584484,0.02074699999999985
day,2018-09-05 00:00:00,1.0339327,,historical_city_aggregate,1.0791954,-0.04526269999999988
day,2018-09-06 00:00:00,1.0201201,,historical_city_aggregate,1.0339327,-0.013812600000000064
day,2018-09-07 00:00:00,0.9734749,,historical_city_aggregate,1.0201201,-0.04664519999999994
day,2018-09-10 00:00:00,1.0631346,,historical_city_aggregate,0.9734749,0.0896596999999999
day,2018-09-11 00:00:00,1.1029657,,historical_city_aggregate,1.0631346,0.03983110000000001
day,2018-09-12 00:00:00,1.1813288,,historical_city_aggregate,1.1029657,0.07836310000000002
day,2018-09-13 00:00:00,1.0131083,,historical_city_aggregate,1.1813288,-0.16822049999999988
day,2018-09-14 00:00:00,1.0226724,,historical_city_aggregate,1.0131083,0.009564099999999964
day,2018-09-17 00:00:00,1.215069,,historical_city_aggregate,1.0226724,0.19239659999999992
day,2018-09-18 00:00:00,1.1212574,,historical_city_aggregate,1.215069,-0.0938116
day,2018-09-19 00:00:00,1.1510334,,historical_city_aggregate,1.1212574,0.029776000000000025
day,2018-09-20 00:00:00,0.9323789,,historical_city_aggregate,1.1510334,-0.21865449999999997
day,2018-09-21 00:00:00,1.0914163,,historical_city_aggregate,0.9323789,0.15903739999999988
day,2018-09-24 00:00:00,0.9993267,,historical_city_aggregate,1.0914163,-0.09208959999999988
day,2018-09-25 00:00:00,1.2081274,,historical_city_aggregate,0.9993267,0.20880069999999995
day,2018-09-26 00:00:00,0.9885042,,historical_city_aggregate,1.2081274,-0.2196231999999999
day,2018-09-27 00:00:00,1.1015033,,historical_city_aggregate,0.9885042,0.11299910000000002
day,2018-09-28 00:00:00,1.0847914,,historical_city_aggregate,1.1015033,-0.016711900000000002
day,2018-10-01 00:00:00,1.070763,,historical_city_aggregate,1.0847914,-0.014028400000000163
day,2018-10-02 00:00:00,1.0152041,,historical_city_aggregate,1.070763,-0.055558899999999856
day,2018-10-03 00:00:00,1.0746043,,historical_city_aggregate,1.0152041,0.059400200000000014
day,2018-10-04 00:00:00,1.0019501,,historical_city_aggregate,1.0746043,-0.07265420000000011
day,2018-10-05 00:00:00,1.0759349,,historical_city_aggregate,1.0019501,0.07398480000000007
day,2018-10-08 00:00:00,0.9713088,,historical_city_aggregate,1.0759349,-0.10462610000000006
day,2018-10-09 00:00:00,1.3739688,,historical_city_aggregate,0.9713088,0.40266000000000013
day,2018-10-10 00:00:00,1.0780369,,historical_city_aggregate,1.3739688,-0.2959319
day,2018-10-11 00:00:00,0.9552246,,historical_city_aggregate,1.0780369,-0.1228123000000001
day,2018-10-12 00:00:00,1.0754749,,historical_city_aggregate,0.9552246,0.12025029999999992
day,2018-10-15 00:00:00,0.9605296,,historical_city_aggregate,1.0754749,-0.11494529999999992
day,2018-10-16 00:00:00,1.0466163,,historical_city_aggregate,0.9605296,0.08608669999999996
day,2018-10-17 00:00:00,1.0165561,,historical_city_aggregate,1.0466163,-0.03006019999999987
day,2018-10-18 00:00:00,1.0334386,,historical_city_aggregate,1.0165561,0.01688249999999991
day,2018-10-19 00:00:00,1.043213,,historical_city_aggregate,1.0334386,0.009774399999999961
day,2018-10-22 00:00:00,1.139378,,historical_city_aggregate,1.043213,0.09616500000000006
day,2018-10-23 00:00:00,1.127089,,historical_city_aggregate,1.139378,-0.012288999999999994
day,2018-10-24 00:00:00,1.0215474,,historical_city_aggregate,1.127089,-0.10554160000000001
day,2018-10-25 00:00:00,1.0593599,,historical_city_aggregate,1.0215474,0.03781250000000003
day,2018-10-26 00:00:00,0.9918736,,historical_city_aggregate,1.0593599,-0.0674863
day,2018-10-29 00:00:00,1.0622679,,historical_city_aggregate,0.9918736,0.07039429999999991
day,2018-10-30 00:00:00,1.1741568,,historical_city_aggregate,1.0622679,0.11188890000000007
day,2018-10-31 00:00:00,1.0760815,,historical_city_aggregate,1.1741568,-0.09807530000000009
day,2018-11-01 00:00:00,0.9921807,,historical_city_aggregate,1.0760815,-0.08390079999999989
day,2018-11-02 00:00:00,1.0504717,,historical_city_aggregate,0.9921807,0.05829099999999987
day,2018-11-05 00:00:00,1.0218121,,historical_city_aggregate,1.0504717,-0.028659599999999896
day,2018-11-06 00:00:00,1.0141655,,historical_city_aggregate,1.0218121,-0.007646599999999948
day,2018-11-09 00:00:00,0.9597788,,historical_city_aggregate,1.0141655,-0.05438670000000001
day,2018-11-12 00:00:00,1.0452095,,historical_city_aggregate,0.9597788,0.08543069999999986
day,2018-11-13 00:00:00,1.059141,,historical_city_aggregate,1.0452095,0.013931500000000208
day,2018-11-14 00:00:00,0.981362,,historical_city_aggregate,1.059141,-0.07777900000000015
day,2018-11-15 00:00:00,1.0876594,,historical_city_aggregate,0.981362,0.10629739999999999
day,2018-11-16 00:00:00,1.0217818,,historical_city_aggregate,1.0876594,-0.06587759999999987
day,2018-11-19 00:00:00,1.1702752,,historical_city_aggregate,1.0217818,0.1484934
day,2018-11-20 00:00:00,1.0078188,,historical_city_aggregate,1.1702752,-0.16245640000000017
day,2018-11-21 00:00:00,1.0886343,,historical_city_aggregate,1.0078188,0.08081550000000015
day,2018-11-22 00:00:00,0.9807367,,historical_city_aggregate,1.0886343,-0.10789760000000004
day,2018-11-23 00:00:00,1.5844017,,historical_city_aggregate,0.9807367,0.6036649999999999
day,2018-11-26 00:00:00,0.7825347,,historical_city_aggregate,1.5844017,-0.8018669999999999
day,2018-11-27 00:00:00,1.0661488,,historical_city_aggregate,0.7825347,0.28361409999999987
day,2018-11-28 00:00:00,0.8887558,,historical_city_aggregate,1.0661488,-0.1773929999999999
day,2018-11-29 00:00:00,0.9969418,,historical_city_aggregate,0.8887558,0.108186
day,2018-11-30 00:00:00,1.008378,,historical_city_aggregate,0.9969418,0.011436200000000007
day,2018-12-03 00:00:00,0.9728194,,historical_city_aggregate,1.008378,-0.035558599999999996
day,2018-12-04 00:00:00,1.0722529,,historical_city_aggregate,0.9728194,0.09943350000000006
day,2018-12-05 00:00:00,1.0335021,,historical_city_aggregate,1.0722529,-0.038750800000000085
day,2018-12-06 00:00:00,0.9579873,,historical_city_aggregate,1.0335021,-0.07551479999999999
day,2018-12-07 00:00:00,1.0281206,,historical_city_aggregate,0.9579873,0.07013330000000007
day,2018-12-10 00:00:00,0.912908,,historical_city_aggregate,1.0281206,-0.1152126
day,2018-12-11 00:00:00,0.9273485,,historical_city_aggregate,0.912908,0.014440499999999967
day,2018-12-12 00:00:00,1.1375689,,historical_city_aggregate,0.9273485,0.21022039999999997
day,2018-12-13 00:00:00,1.0301577,,historical_city_aggregate,1.1375689,-0.10741120000000004
day,2018-12-14 00:00:00,1.0437259,,historical_city_aggregate,1.0301577,0.013568200000000141
day,2018-12-17 00:00:00,0.9654636,,historical_city_aggregate,1.0437259,-0.07826230000000012
day,2018-12-18 00:00:00,0.9265656,,historical_city_aggregate,0.9654636,-0.03889799999999999
day,2018-12-19 00:00:00,0.9182358,,historical_city_aggregate,0.9265656,-0.008329799999999943
day,2018-12-20 00:00:00,0.9531661,,historical_city_aggregate,0.9182358,0.03493029999999997
day,2018-12-21 00:00:00,1.2387077,,historical_city_aggregate,0.9531661,0.28554159999999995
day,2018-12-24 00:00:00,1.033724,,historical_city_aggregate,1.2387077,-0.20498369999999988
day,2018-12-25 00:00:00,1.1640815,,historical_city_aggregate,1.033724,0.1303574999999999
day,2018-12-26 00:00:00,1.7387936,,historical_city_aggregate,1.1640815,0.5747121
day,2018-12-27 00:00:00,1.1288653,,historical_city_aggregate,1.7387936,-0.6099283
day,2018-12-28 00:00:00,1.0625146,,historical_city_aggregate,1.1288653,-0.06635069999999987
day,2018-12-31 00:00:00,0.9363724,,historical_city_aggregate,1.0625146,-0.1261422000000001
day,2019-01-01 00:00:00,1.1481293,,historical_city_aggregate,0.9363724,0.21175689999999991
day,2019-01-02 00:00:00,1.2596585,,historical_city_aggregate,1.1481293,0.1115292000000001
day,2019-01-03 00:00:00,1.020822,,historical_city_aggregate,1.2596585,-0.23883650000000012
day,2019-01-04 00:00:00,1.0588647,,historical_city_aggregate,1.020822,0.038042700000000096
day,2019-01-07 00:00:00,1.0103525,,historical_city_aggregate,1.0588647,-0.048512200000000005
day,2019-01-08 00:00:00,1.1929813,,historical_city_aggregate,1.0103525,0.18262880000000004
day,2019-01-09 00:00:00,1.0187316,,historical_city_aggregate,1.1929813,-0.17424970000000006
day,2019-01-10 00:00:00,1.0872606,,historical_city_aggregate,1.0187316,0.06852900000000006
day,2019-01-11 00:00:00,1.0708986,,historical_city_aggregate,1.0872606,-0.016361999999999988
day,2019-01-14 00:00:00,7.2564715,,historical_city_aggregate,1.0708986,6.1855729
day,2019-01-15 00:00:00,1.1258657,,historical_city_aggregate,7.2564715,-6.1306058
day,2019-01-16 00:00:00,1.0576911,,historical_city_aggregate,1.1258657,-0.06817460000000009
day,2019-01-17 00:00:00,1.0659205,,historical_city_aggregate,1.0576911,0.008229400000000053
day,2019-01-18 00:00:00,1.0710506,,historical_city_aggregate,1.0659205,0.005130099999999915
day,2019-01-21 00:00:00,1.1829123,,historical_city_aggregate,1.0710506,0.11186169999999995
day,2019-01-22 00:00:00,1.3488003,,historical_city_aggregate,1.1829123,0.16588800000000004
day,2019-01-23 00:00:00,1.1172492,,historical_city_aggregate,1.3488003,-0.2315510999999999
day,2019-01-24 00:00:00,1.0942994,,historical_city_aggregate,1.1172492,-0.02294980000000013
day,2019-01-25 00:00:00,1.0345367,,historical_city_aggregate,1.0942994,-0.059762699999999835
day,2019-01-28 00:00:00,1.1695284,,historical_city_aggregate,1.0345367,0.13499169999999983
day,2019-01-29 00:00:00,1.1558981,,historical_city_aggregate,1.1695284,-0.013630299999999984
day,2019-01-30 00:00:00,1.1257129,,historical_city_aggregate,1.1558981,-0.030185200000000023
day,2019-01-31 00:00:00,1.0125485,,historical_city_aggregate,1.1257129,-0.11316439999999983
day,2019-02-01 00:00:00,1.1081079,,historical_city_aggregate,1.0125485,0.09555939999999996
day,2019-02-04 00:00:00,1.5363149,,historical_city_aggregate,1.1081079,0.428207
day,2019-02-05 00:00:00,1.0122379,,historical_city_aggregate,1.5363149,-0.5240770000000001
day,2019-02-06 00:00:00,0.9928509,,historical_city_aggregate,1.0122379,-0.019386999999999932
day,2019-02-07 00:00:00,1.0397364,,historical_city_aggregate,0.9928509,0.046885500000000024
day,2019-02-08 00:00:00,1.0118428,,historical_city_aggregate,1.0397364,-0.027893600000000074
day,2019-02-11 00:00:00,0.9846077,,historical_city_aggregate,1.0118428,-0.027235099999999957
day,2019-02-12 00:00:00,0.9381093,,historical_city_aggregate,0.9846077,-0.04649839999999994
day,2019-02-13 00:00:00,0.9760537,,historical_city_aggregate,0.9381093,0.03794439999999999
day,2019-02-14 00:00:00,1.0713147,,historical_city_aggregate,0.9760537,0.09526100000000004
day,2019-02-15 00:00:00,0.9274174,,historical_city_aggregate,1.0713147,-0.14389730000000012
day,2019-02-18 00:00:00,0.9228287,,historical_city_aggregate,0.9274174,-0.004588700000000001
day,2019-02-19 00:00:00,1.1299894,,historical_city_aggregate,0.9228287,0.20716069999999998
day,2019-02-20 00:00:00,1.0954053,,historical_city_aggregate,1.1299894,-0.034584100000000007
day,2019-02-21 00:00:00,1.0597333,,historical_city_aggregate,1.0954053,-0.035671999999999926
day,2019-02-22 00:00:00,1.116363,,historical_city_aggregate,1.0597333,0.056629700000000005
day,2019-02-25 00:00:00,0.999247,,historical_city_aggregate,1.116363,-0.117116
day,2019-02-26 00:00:00,1.1851236,,historical_city_aggregate,0.999247,0.18587660000000006
day,2019-02-27 00:00:00,1.0276873,,historical_city_aggregate,1.1851236,-0.15743630000000008
day,2019-02-28 00:00:00,1.3052942,,historical_city_aggregate,1.0276873,0.2776069000000001
day,2019-03-01 00:00:00,1.1564232,,historical_city_aggregate,1.3052942,-0.14887099999999998
day,2019-03-04 00:00:00,0.9222213,,historical_city_aggregate,1.1564232,-0.23420190000000007
day,2019-03-05 00:00:00,1.2264143,,historical_city_aggregate,0.9222213,0.30419300000000005
day,2019-03-06 00:00:00,29.2275734,,historical_city_aggregate,1.2264143,28.001159100000002
day,2019-03-07 00:00:00,1.1341198,,historical_city_aggregate,29.2275734,-28.0934536
day,2019-03-08 00:00:00,0.9623133,,historical_city_aggregate,1.1341198,-0.17180649999999986
day,2019-03-11 00:00:00,0.9860787,,historical_city_aggregate,0.9623133,0.023765399999999937
day,2019-03-12 00:00:00,1.0769595,,historical_city_aggregate,0.9860787,0.0908808000000001
day,2019-03-13 00:00:00,1.120397,,historical_city_aggregate,1.0769595,0.04343750000000002
day,2019-03-14 00:00:00,1.0811664,,historical_city_aggregate,1.120397,-0.039230600000000004
day,2019-03-15 00:00:00,0.965689,,historical_city_aggregate,1.0811664,-0.11547740000000006
day,2019-03-18 00:00:00,1.0754795,,historical_city_aggregate,0.965689,0.1097904999999999
day,2019-03-19 00:00:00,1.137762,,historical_city_aggregate,1.0754795,0.06228250000000002
day,2019-03-20 00:00:00,1.1603796,,historical_city_aggregate,1.137762,0.022617600000000015
day,2019-03-21 00:00:00,1.0336421,,historical_city_aggregate,1.1603796,-0.12673749999999995
day,2019-03-22 00:00:00,1.0160355,,historical_city_aggregate,1.0336421,-0.017606599999999917
day,2019-03-25 00:00:00,1.1429313,,historical_city_aggregate,1.0160355,0.1268958
day,2019-03-26 00:00:00,1.0547441,,historical_city_aggregate,1.1429313,-0.08818720000000013
day,2019-03-27 00:00:00,1.0569523,,historical_city_aggregate,1.0547441,0.0022082000000001045
day,2019-03-28 00:00:00,1.012592,,historical_city_aggregate,1.0569523,-0.04436030000000013
day,2019-03-29 00:00:00,1.1681716,,historical_city_aggregate,1.012592,0.15557960000000004
day,2019-04-01 00:00:00,1.0513752,,historical_city_aggregate,1.1681716,-0.11679639999999991
day,2019-04-02 00:00:00,1.1389517,,historical_city_aggregate,1.0513752,0.08757649999999995
day,2019-04-03 00:00:00,1.2051627,,historical_city_aggregate,1.1389517,0.06621100000000002
day,2019-04-04 00:00:00,1.120379,,historical_city_aggregate,1.2051627,-0.08478370000000002
day,2019-04-05 00:00:00,1.1153644,,historical_city_aggregate,1.120379,-0.00501459999999998
day,2019-04-08 00:00:00,1.1761685,,historical_city_aggregate,1.1153644,0.06080409999999992
day,2019-04-09 00:00:00,1.0871118,,historical_city_aggregate,1.1761685,-0.08905669999999999
day,2019-04-10 00:00:00,1.0274874,,historical_city_aggregate,1.0871118,-0.05962439999999991
day,2019-04-11 00:00:00,1.1090833,,historical_city_aggregate,1.0274874,0.08159589999999994
day,2019-04-12 00:00:00,0.9811902,,historical_city_aggregate,1.1090833,-0.12789309999999998
day,2026-03-25 00:00:00,1.191405365470707,10,derived_current_city_aggregate,0.9811902,0.21021516547070707
day,2026-03-31 00:00:00,0.995581028424667,10,derived_current_city_aggregate,1.191405365470707,-0.19582433704604008
day,2026-04-07 00:00:00,1.142186098821915,11,derived_current_city_aggregate,0.995581028424667,0.14660507039724802
day,2026-04-10 00:00:00,1.0753449235934693,9,derived_current_city_aggregate,1.142186098821915,-0.06684117522844568
day,2026-05-16 00:00:00,1.1056925308194345,7,derived_current_city_aggregate,1.0753449235934693,0.03034760722596519
month,2016-01-15 00:00:00,1.5260549,,historical_city_aggregate,,
month,2016-01-18 00:00:00,1.4590098,,historical_city_aggregate,1.5260549,-0.06704510000000008
month,2016-01-19 00:00:00,1.5543412,,historical_city_aggregate,1.4590098,0.09533140000000007
month,2016-01-20 00:00:00,1.5553117,,historical_city_aggregate,1.5543412,0.0009704999999999853
month,2016-01-21 00:00:00,1.3973152,,historical_city_aggregate,1.5553117,-0.1579965000000001
month,2016-01-22 00:00:00,1.3785656,,historical_city_aggregate,1.3973152,-0.018749600000000033
month,2016-01-25 00:00:00,1.4242051,,historical_city_aggregate,1.3785656,0.045639500000000055
month,2016-01-26 00:00:00,1.4061358,,historical_city_aggregate,1.4242051,-0.018069300000000066
month,2016-01-27 00:00:00,1.4374666,,historical_city_aggregate,1.4061358,0.0313308000000001
month,2016-01-28 00:00:00,1.4870146,,historical_city_aggregate,1.4374666,0.049547999999999925
month,2016-01-29 00:00:00,1.4747778,,historical_city_aggregate,1.4870146,-0.012236799999999937
month,2016-02-01 00:00:00,1.6259134,,historical_city_aggregate,1.4747778,0.15113559999999993
month,2016-02-02 00:00:00,1.4761989,,historical_city_aggregate,1.6259134,-0.14971449999999997
month,2016-02-03 00:00:00,1.4794991,,historical_city_aggregate,1.4761989,0.0033001999999999754
month,2016-02-04 00:00:00,1.4791802,,historical_city_aggregate,1.4794991,-0.0003188999999998998
month,2016-02-05 00:00:00,1.4706809,,historical_city_aggregate,1.4791802,-0.008499299999999987
month,2016-02-08 00:00:00,1.484732,,historical_city_aggregate,1.4706809,0.014051099999999872
month,2016-02-09 00:00:00,1.4961013,,historical_city_aggregate,1.484732,0.011369300000000138
month,2016-02-10 00:00:00,1.3934648,,historical_city_aggregate,1.4961013,-0.10263650000000002
month,2016-02-11 00:00:00,1.4743351,,historical_city_aggregate,1.3934648,0.08087029999999995
month,2016-02-12 00:00:00,1.4719762,,historical_city_aggregate,1.4743351,-0.0023588999999999416
month,2016-02-15 00:00:00,1.5936499,,historical_city_aggregate,1.4719762,0.12167369999999988
month,2016-02-16 00:00:00,1.5645216,,historical_city_aggregate,1.5936499,-0.029128299999999996
month,2016-02-17 00:00:00,1.5785148,,historical_city_aggregate,1.5645216,0.013993200000000039
month,2016-02-18 00:00:00,1.564858,,historical_city_aggregate,1.5785148,-0.013656799999999913
month,2016-02-19 00:00:00,1.5836483,,historical_city_aggregate,1.564858,0.018790299999999815
month,2016-02-22 00:00:00,1.5710618,,historical_city_aggregate,1.5836483,-0.012586499999999834
month,2016-02-23 00:00:00,1.4451917,,historical_city_aggregate,1.5710618,-0.12587009999999998
month,2016-02-24 00:00:00,1.4367671,,historical_city_aggregate,1.4451917,-0.008424600000000115
month,2016-02-25 00:00:00,1.4205469,,historical_city_aggregate,1.4367671,-0.016220200000000018
month,2016-02-26 00:00:00,1.4269755,,historical_city_aggregate,1.4205469,0.0064286000000000065
month,2016-02-29 00:00:00,1.3835529,,historical_city_aggregate,1.4269755,-0.04342259999999998
month,2016-03-01 00:00:00,1.4830601,,historical_city_aggregate,1.3835529,0.09950720000000013
month,2016-03-02 00:00:00,1.4879409,,historical_city_aggregate,1.4830601,0.004880799999999796
month,2016-03-03 00:00:00,1.3006695,,historical_city_aggregate,1.4879409,-0.18727139999999998
month,2016-03-04 00:00:00,1.296797,,historical_city_aggregate,1.3006695,-0.0038724999999999454
month,2016-03-07 00:00:00,1.3497734,,historical_city_aggregate,1.296797,0.052976399999999924
month,2016-03-08 00:00:00,1.3835982,,historical_city_aggregate,1.3497734,0.0338248000000001
month,2016-03-09 00:00:00,1.3925036,,historical_city_aggregate,1.3835982,0.008905399999999952
month,2016-03-10 00:00:00,1.3842627,,historical_city_aggregate,1.3925036,-0.008240899999999884
month,2016-03-11 00:00:00,1.3527817,,historical_city_aggregate,1.3842627,-0.03148100000000009
month,2016-03-14 00:00:00,1.400366,,historical_city_aggregate,1.3527817,0.047584300000000024
month,2016-03-15 00:00:00,1.4781514,,historical_city_aggregate,1.400366,0.0777854
month,2016-03-16 00:00:00,2.0295908,,historical_city_aggregate,1.4781514,0.5514393999999998
month,2016-03-17 00:00:00,2.0261427,,historical_city_aggregate,2.0295908,-0.003448099999999954
month,2016-03-18 00:00:00,2.0069755,,historical_city_aggregate,2.0261427,-0.01916720000000005
month,2016-03-21 00:00:00,1.9663479,,historical_city_aggregate,2.0069755,-0.040627599999999875
month,2016-03-22 00:00:00,1.9388052,,historical_city_aggregate,1.9663479,-0.02754269999999992
month,2016-03-23 00:00:00,1.1903048,,historical_city_aggregate,1.9388052,-0.7485004
month,2016-03-24 00:00:00,1.1928617,,historical_city_aggregate,1.1903048,0.002556899999999862
month,2016-03-25 00:00:00,1.1874491,,historical_city_aggregate,1.1928617,-0.005412599999999879
month,2016-03-28 00:00:00,1.2615093,,historical_city_aggregate,1.1874491,0.07406019999999991
month,2016-03-29 00:00:00,1.5133837,,historical_city_aggregate,1.2615093,0.25187440000000016
month,2016-03-30 00:00:00,1.5026658,,historical_city_aggregate,1.5133837,-0.010717900000000169
month,2016-03-31 00:00:00,1.5215619,,historical_city_aggregate,1.5026658,0.018896100000000082
month,2016-04-01 00:00:00,1.4711577,,historical_city_aggregate,1.5215619,-0.05040420000000001
month,2016-04-04 00:00:00,1.478264,,historical_city_aggregate,1.4711577,0.00710630000000001
month,2016-04-05 00:00:00,1.4783506,,historical_city_aggregate,1.478264,8.659999999993673e-05
month,2016-04-06 00:00:00,1.5096212,,historical_city_aggregate,1.4783506,0.03127060000000004
month,2016-04-07 00:00:00,1.4910128,,historical_city_aggregate,1.5096212,-0.01860839999999997
month,2016-04-08 00:00:00,1.4528441,,historical_city_aggregate,1.4910128,-0.038168699999999944
month,2016-04-11 00:00:00,1.4334598,,historical_city_aggregate,1.4528441,-0.01938430000000002
month,2016-04-12 00:00:00,1.4368264,,historical_city_aggregate,1.4334598,0.0033665999999998864
month,2016-04-13 00:00:00,1.4443389,,historical_city_aggregate,1.4368264,0.007512500000000033
month,2016-04-14 00:00:00,1.4457061,,historical_city_aggregate,1.4443389,0.0013672000000000128
month,2016-04-15 00:00:00,1.3986319,,historical_city_aggregate,1.4457061,-0.047074199999999955
month,2016-04-18 00:00:00,1.4021687,,historical_city_aggregate,1.3986319,0.0035368000000000066
month,2016-04-19 00:00:00,1.3946342,,historical_city_aggregate,1.4021687,-0.0075344999999999995
month,2016-04-20 00:00:00,1.3889974,,historical_city_aggregate,1.3946342,-0.005636799999999997
month,2016-04-21 00:00:00,1.3884195,,historical_city_aggregate,1.3889974,-0.0005779000000001311
month,2016-04-22 00:00:00,1.3985164,,historical_city_aggregate,1.3884195,0.010096900000000186
month,2016-04-25 00:00:00,1.8256169,,historical_city_aggregate,1.3985164,0.4271004999999999
month,2016-04-26 00:00:00,1.8275719,,historical_city_aggregate,1.8256169,0.001954999999999929
month,2016-04-27 00:00:00,1.1725436,,historical_city_aggregate,1.8275719,-0.6550282999999999
month,2016-04-28 00:00:00,1.1680817,,historical_city_aggregate,1.1725436,-0.00446190000000013
month,2016-04-29 00:00:00,1.1550405,,historical_city_aggregate,1.1680817,-0.013041199999999975
month,2016-05-02 00:00:00,1.1549166,,historical_city_aggregate,1.1550405,-0.0001238999999999546
month,2016-05-03 00:00:00,1.1414157,,historical_city_aggregate,1.1549166,-0.013500899999999927
month,2016-05-04 00:00:00,1.1465175,,historical_city_aggregate,1.1414157,0.005101800000000045
month,2016-05-05 00:00:00,1.1413401,,historical_city_aggregate,1.1465175,-0.005177399999999999
month,2016-05-06 00:00:00,1.1612105,,historical_city_aggregate,1.1413401,0.019870399999999844
month,2016-05-09 00:00:00,1.1691796,,historical_city_aggregate,1.1612105,0.007969100000000173
month,2016-05-10 00:00:00,1.7007357,,historical_city_aggregate,1.1691796,0.5315561
month,2016-05-11 00:00:00,1.7004417,,historical_city_aggregate,1.7007357,-0.00029400000000001647
month,2016-05-12 00:00:00,1.7008389,,historical_city_aggregate,1.7004417,0.00039719999999987543
month,2016-05-13 00:00:00,1.641446,,historical_city_aggregate,1.7008389,-0.05939289999999997
month,2016-05-16 00:00:00,1.4893392,,historical_city_aggregate,1.641446,-0.15210679999999988
month,2016-05-17 00:00:00,1.4920171,,historical_city_aggregate,1.4893392,0.0026778999999999
month,2016-05-18 00:00:00,1.5000725,,historical_city_aggregate,1.4920171,0.008055399999999935
month,2016-05-19 00:00:00,1.5763493,,historical_city_aggregate,1.5000725,0.07627680000000003
month,2016-05-20 00:00:00,1.5710835,,historical_city_aggregate,1.5763493,-0.005265799999999876
month,2016-05-23 00:00:00,1.6897472,,historical_city_aggregate,1.5710835,0.11866369999999993
month,2016-05-24 00:00:00,1.4180807,,historical_city_aggregate,1.6897472,-0.27166650000000003
month,2016-05-25 00:00:00,1.4311323,,historical_city_aggregate,1.4180807,0.013051600000000052
month,2016-05-26 00:00:00,1.4324245,,historical_city_aggregate,1.4311323,0.0012921999999999656
month,2016-05-27 00:00:00,1.4362388,,historical_city_aggregate,1.4324245,0.003814299999999937
month,2016-05-30 00:00:00,1.7675464,,historical_city_aggregate,1.4362388,0.33130760000000015
month,2016-05-31 00:00:00,1.7728758,,historical_city_aggregate,1.7675464,0.005329399999999929
month,2016-06-01 00:00:00,1.4651705,,historical_city_aggregate,1.7728758,-0.30770530000000007
month,2016-06-02 00:00:00,1.4641707,,historical_city_aggregate,1.4651705,-0.0009997999999999951
month,2016-06-03 00:00:00,1.443819,,historical_city_aggregate,1.4641707,-0.020351699999999973
month,2016-06-06 00:00:00,1.3939733,,historical_city_aggregate,1.443819,-0.04984569999999988
month,2016-06-07 00:00:00,1.3056662,,historical_city_aggregate,1.3939733,-0.08830709999999997
month,2016-06-08 00:00:00,1.2902511,,historical_city_aggregate,1.3056662,-0.015415100000000015
month,2016-06-09 00:00:00,1.3425231,,historical_city_aggregate,1.2902511,0.052271999999999874
month,2016-06-10 00:00:00,1.2803071,,historical_city_aggregate,1.3425231,-0.06221600000000005
month,2016-06-13 00:00:00,1.2830449,,historical_city_aggregate,1.2803071,0.0027378000000000124
month,2016-06-14 00:00:00,1.2779445,,historical_city_aggregate,1.2830449,-0.005100399999999894
month,2016-06-15 00:00:00,1.2830763,,historical_city_aggregate,1.2779445,0.00513180000000002
month,2016-06-16 00:00:00,1.2740384,,historical_city_aggregate,1.2830763,-0.009037900000000043
month,2016-06-17 00:00:00,1.2338396,,historical_city_aggregate,1.2740384,-0.04019879999999998
month,2016-06-20 00:00:00,1.241519,,historical_city_aggregate,1.2338396,0.007679400000000003
month,2016-06-21 00:00:00,1.1832953,,historical_city_aggregate,1.241519,-0.0582237000000001
month,2016-06-22 00:00:00,1.1698861,,historical_city_aggregate,1.1832953,-0.013409199999999899
month,2016-06-23 00:00:00,1.1690778,,historical_city_aggregate,1.1698861,-0.000808300000000095
month,2016-06-24 00:00:00,1.1435588,,historical_city_aggregate,1.1690778,-0.025518999999999847
month,2016-06-27 00:00:00,1.1432814,,historical_city_aggregate,1.1435588,-0.00027740000000009424
month,2016-06-28 00:00:00,1.1306949,,historical_city_aggregate,1.1432814,-0.012586500000000056
month,2016-06-29 00:00:00,1.1346632,,historical_city_aggregate,1.1306949,0.003968300000000147
month,2016-06-30 00:00:00,1.1814739,,historical_city_aggregate,1.1346632,0.04681069999999998
month,2016-07-01 00:00:00,1.1894346,,historical_city_aggregate,1.1814739,0.007960699999999932
month,2016-07-04 00:00:00,1.238465,,historical_city_aggregate,1.1894346,0.04903039999999992
month,2016-07-05 00:00:00,1.2781048,,historical_city_aggregate,1.238465,0.0396398
month,2016-07-06 00:00:00,1.2872718,,historical_city_aggregate,1.2781048,0.009167000000000147
month,2016-07-07 00:00:00,1.2786028,,historical_city_aggregate,1.2872718,-0.008669000000000038
month,2016-07-08 00:00:00,1.2851799,,historical_city_aggregate,1.2786028,0.006577099999999891
month,2016-07-11 00:00:00,1.3003077,,historical_city_aggregate,1.2851799,0.015127800000000136
month,2016-07-12 00:00:00,1.2619467,,historical_city_aggregate,1.3003077,-0.03836100000000009
month,2016-07-13 00:00:00,1.2644866,,historical_city_aggregate,1.2619467,0.0025398999999999283
month,2016-07-14 00:00:00,1.2657377,,historical_city_aggregate,1.2644866,0.0012511000000001715
month,2016-07-15 00:00:00,1.2704922,,historical_city_aggregate,1.2657377,0.004754499999999995
month,2016-07-18 00:00:00,1.3085324,,historical_city_aggregate,1.2704922,0.03804019999999997
month,2016-07-19 00:00:00,1.5070898,,historical_city_aggregate,1.3085324,0.19855739999999988
month,2016-07-20 00:00:00,1.5235102,,historical_city_aggregate,1.5070898,0.016420400000000113
month,2016-07-21 00:00:00,1.5457218,,historical_city_aggregate,1.5235102,0.022211599999999887
month,2016-07-22 00:00:00,1.5308296,,historical_city_aggregate,1.5457218,-0.014892200000000022
month,2016-07-25 00:00:00,1.9613022,,historical_city_aggregate,1.5308296,0.4304726000000001
month,2016-07-26 00:00:00,1.9653406,,historical_city_aggregate,1.9613022,0.0040383999999999975
month,2016-07-27 00:00:00,1.97856,,historical_city_aggregate,1.9653406,0.013219400000000103
month,2016-07-28 00:00:00,1.9524037,,historical_city_aggregate,1.97856,-0.02615630000000002
month,2016-07-29 00:00:00,2.0130351,,historical_city_aggregate,1.9524037,0.06063140000000011
month,2016-08-01 00:00:00,1.8222348,,historical_city_aggregate,2.0130351,-0.19080030000000026
month,2016-08-02 00:00:00,1.8266176,,historical_city_aggregate,1.8222348,0.004382800000000131
month,2016-08-03 00:00:00,1.8279159,,historical_city_aggregate,1.8266176,0.0012982999999999745
month,2016-08-04 00:00:00,1.7559173,,historical_city_aggregate,1.8279159,-0.07199860000000013
month,2016-08-05 00:00:00,1.751823,,historical_city_aggregate,1.7559173,-0.004094299999999995
month,2016-08-08 00:00:00,1.7538388,,historical_city_aggregate,1.751823,0.002015800000000123
month,2016-08-09 00:00:00,1.1436079,,historical_city_aggregate,1.7538388,-0.6102309000000001
month,2016-08-10 00:00:00,1.144802,,historical_city_aggregate,1.1436079,0.0011941000000001978
month,2016-08-11 00:00:00,1.1369698,,historical_city_aggregate,1.144802,-0.007832200000000178
month,2016-08-12 00:00:00,1.1374506,,historical_city_aggregate,1.1369698,0.00048080000000005896
month,2016-08-15 00:00:00,1.6912139,,historical_city_aggregate,1.1374506,0.5537633
month,2016-08-16 00:00:00,2.0701203,,historical_city_aggregate,1.6912139,0.3789064000000002
month,2016-08-17 00:00:00,2.0822834,,historical_city_aggregate,2.0701203,0.012163099999999982
month,2016-08-18 00:00:00,2.0842584,,historical_city_aggregate,2.0822834,0.001974999999999838
month,2016-08-19 00:00:00,2.0853486,,historical_city_aggregate,2.0842584,0.0010902000000001522
month,2016-08-22 00:00:00,1.9993338,,historical_city_aggregate,2.0853486,-0.08601480000000006
month,2016-08-23 00:00:00,1.3849149,,historical_city_aggregate,1.9993338,-0.6144189
month,2016-08-24 00:00:00,1.3912285,,historical_city_aggregate,1.3849149,0.006313599999999919
month,2016-08-25 00:00:00,1.3787651,,historical_city_aggregate,1.3912285,-0.012463399999999902
month,2016-08-26 00:00:00,1.3823366,,historical_city_aggregate,1.3787651,0.0035714999999998387
month,2016-08-29 00:00:00,1.3598509,,historical_city_aggregate,1.3823366,-0.02248569999999983
month,2016-08-30 00:00:00,1.2554056,,historical_city_aggregate,1.3598509,-0.10444530000000007
month,2016-08-31 00:00:00,1.2766749,,historical_city_aggregate,1.2554056,0.021269299999999935
month,2016-09-01 00:00:00,1.2702238,,historical_city_aggregate,1.2766749,-0.006451100000000043
month,2016-09-02 00:00:00,1.2593378,,historical_city_aggregate,1.2702238,-0.010885999999999951
month,2016-09-05 00:00:00,1.2785199,,historical_city_aggregate,1.2593378,0.01918210000000009
month,2016-09-06 00:00:00,1.2887402,,historical_city_aggregate,1.2785199,0.010220299999999849
month,2016-09-07 00:00:00,1.3017434,,historical_city_aggregate,1.2887402,0.013003200000000215
month,2016-09-08 00:00:00,1.3081587,,historical_city_aggregate,1.3017434,0.006415299999999791
month,2016-09-09 00:00:00,1.288945,,historical_city_aggregate,1.3081587,-0.01921369999999989
month,2016-09-12 00:00:00,1.2765556,,historical_city_aggregate,1.288945,-0.012389399999999995
month,2016-09-13 00:00:00,1.2217026,,historical_city_aggregate,1.2765556,-0.05485300000000004
month,2016-09-14 00:00:00,1.2252116,,historical_city_aggregate,1.2217026,0.0035089999999999844
month,2016-09-15 00:00:00,1.2272191,,historical_city_aggregate,1.2252116,0.00200749999999994
month,2016-09-16 00:00:00,1.238877,,historical_city_aggregate,1.2272191,0.01165790000000011
month,2016-09-19 00:00:00,1.2015474,,historical_city_aggregate,1.238877,-0.037329600000000074
month,2016-09-20 00:00:00,1.2159111,,historical_city_aggregate,1.2015474,0.01436370000000009
month,2016-09-21 00:00:00,1.2385288,,historical_city_aggregate,1.2159111,0.022617700000000074
month,2016-09-22 00:00:00,1.2762376,,historical_city_aggregate,1.2385288,0.037708799999999876
month,2016-09-23 00:00:00,1.2835444,,historical_city_aggregate,1.2762376,0.007306800000000058
month,2016-09-26 00:00:00,1.2592778,,historical_city_aggregate,1.2835444,-0.024266600000000027
month,2016-09-27 00:00:00,1.2648933,,historical_city_aggregate,1.2592778,0.0056154999999999955
month,2016-09-28 00:00:00,1.2777137,,historical_city_aggregate,1.2648933,0.012820400000000065
month,2016-09-29 00:00:00,1.2998279,,historical_city_aggregate,1.2777137,0.022114199999999862
month,2016-09-30 00:00:00,1.3106905,,historical_city_aggregate,1.2998279,0.010862600000000056
month,2016-10-03 00:00:00,1.2644002,,historical_city_aggregate,1.3106905,-0.046290299999999895
month,2016-10-04 00:00:00,1.2641685,,historical_city_aggregate,1.2644002,-0.00023170000000005686
month,2016-10-05 00:00:00,1.2614421,,historical_city_aggregate,1.2641685,-0.0027264000000000177
month,2016-10-06 00:00:00,1.2436865,,historical_city_aggregate,1.2614421,-0.017755600000000094
month,2016-10-07 00:00:00,1.2493599,,historical_city_aggregate,1.2436865,0.005673400000000051
month,2016-10-10 00:00:00,1.1863131,,historical_city_aggregate,1.2493599,-0.06304679999999996
month,2016-10-11 00:00:00,1.2002473,,historical_city_aggregate,1.1863131,0.013934200000000008
month,2016-10-12 00:00:00,1.18191,,historical_city_aggregate,1.2002473,-0.0183373
month,2016-10-13 00:00:00,1.1811268,,historical_city_aggregate,1.18191,-0.0007832000000000949
month,2016-10-14 00:00:00,1.1676087,,historical_city_aggregate,1.1811268,-0.013518099999999977
month,2016-10-17 00:00:00,1.1980298,,historical_city_aggregate,1.1676087,0.03042110000000009
month,2016-10-18 00:00:00,1.2375009,,historical_city_aggregate,1.1980298,0.03947109999999987
month,2016-10-19 00:00:00,1.2323774,,historical_city_aggregate,1.2375009,-0.0051234999999998365
month,2016-10-20 00:00:00,1.2253932,,historical_city_aggregate,1.2323774,-0.006984199999999996
month,2016-10-21 00:00:00,1.2438297,,historical_city_aggregate,1.2253932,0.018436499999999967
month,2016-10-24 00:00:00,1.2960025,,historical_city_aggregate,1.2438297,0.05217279999999991
month,2016-10-25 00:00:00,1.2612973,,historical_city_aggregate,1.2960025,-0.03470519999999988
month,2016-10-26 00:00:00,1.2546076,,historical_city_aggregate,1.2612973,-0.006689700000000132
month,2016-10-27 00:00:00,1.2462103,,historical_city_aggregate,1.2546076,-0.008397299999999941
month,2016-10-28 00:00:00,1.2281405,,historical_city_aggregate,1.2462103,-0.018069799999999914
month,2016-10-31 00:00:00,1.2071103,,historical_city_aggregate,1.2281405,-0.0210302
month,2016-11-01 00:00:00,1.200645,,historical_city_aggregate,1.2071103,-0.006465300000000118
month,2016-11-02 00:00:00,1.2091583,,historical_city_aggregate,1.200645,0.008513299999999946
month,2016-11-03 00:00:00,1.2115346,,historical_city_aggregate,1.2091583,0.002376300000000109
month,2016-11-04 00:00:00,1.210079,,historical_city_aggregate,1.2115346,-0.0014556000000001124
month,2016-11-07 00:00:00,1.2144183,,historical_city_aggregate,1.210079,0.004339300000000046
month,2016-11-08 00:00:00,1.2034893,,historical_city_aggregate,1.2144183,-0.010928999999999967
month,2016-11-09 00:00:00,1.2393997,,historical_city_aggregate,1.2034893,0.03591040000000012
month,2016-11-10 00:00:00,1.2338516,,historical_city_aggregate,1.2393997,-0.005548100000000167
month,2016-11-11 00:00:00,1.2338401,,historical_city_aggregate,1.2338516,-1.149999999983109e-05
month,2016-11-14 00:00:00,1.2303848,,historical_city_aggregate,1.2338401,-0.003455300000000161
month,2016-11-15 00:00:00,1.2064477,,historical_city_aggregate,1.2303848,-0.023937099999999933
month,2016-11-16 00:00:00,1.1939035,,historical_city_aggregate,1.2064477,-0.012544200000000005
month,2016-11-17 00:00:00,1.1855322,,historical_city_aggregate,1.1939035,-0.008371300000000081
month,2016-11-18 00:00:00,1.1731474,,historical_city_aggregate,1.1855322,-0.012384799999999974
month,2016-11-21 00:00:00,1.2057592,,historical_city_aggregate,1.1731474,0.03261179999999997
month,2016-11-22 00:00:00,1.2066734,,historical_city_aggregate,1.2057592,0.0009141999999999761
month,2016-11-23 00:00:00,1.1851687,,historical_city_aggregate,1.2066734,-0.021504699999999932
month,2016-11-24 00:00:00,1.2031668,,historical_city_aggregate,1.1851687,0.017998100000000017
month,2016-11-25 00:00:00,1.199668,,historical_city_aggregate,1.2031668,-0.003498800000000024
month,2016-11-28 00:00:00,1.2399473,,historical_city_aggregate,1.199668,0.04027930000000013
month,2016-11-29 00:00:00,1.2458062,,historical_city_aggregate,1.2399473,0.0058589
month,2016-11-30 00:00:00,1.276691,,historical_city_aggregate,1.2458062,0.030884799999999935
month,2016-12-01 00:00:00,1.263267,,historical_city_aggregate,1.276691,-0.013424000000000103
month,2016-12-02 00:00:00,1.2499555,,historical_city_aggregate,1.263267,-0.01331149999999992
month,2016-12-05 00:00:00,1.2122657,,historical_city_aggregate,1.2499555,-0.03768980000000011
month,2016-12-06 00:00:00,1.2772402,,historical_city_aggregate,1.2122657,0.06497450000000016
month,2016-12-07 00:00:00,1.2796806,,historical_city_aggregate,1.2772402,0.0024404000000000092
month,2016-12-08 00:00:00,1.2940615,,historical_city_aggregate,1.2796806,0.014380899999999919
month,2016-12-09 00:00:00,1.4143842,,historical_city_aggregate,1.2940615,0.1203227
month,2016-12-12 00:00:00,1.3987226,,historical_city_aggregate,1.4143842,-0.015661600000000053
month,2016-12-13 00:00:00,1.7370451,,historical_city_aggregate,1.3987226,0.3383225000000001
month,2016-12-14 00:00:00,1.3950776,,historical_city_aggregate,1.7370451,-0.3419675
month,2016-12-15 00:00:00,1.3953878,,historical_city_aggregate,1.3950776,0.0003101999999999272
month,2016-12-16 00:00:00,1.4040814,,historical_city_aggregate,1.3953878,0.008693599999999968
month,2016-12-19 00:00:00,1.449233,,historical_city_aggregate,1.4040814,0.04515160000000007
month,2016-12-20 00:00:00,1.4223799,,historical_city_aggregate,1.449233,-0.026853100000000074
month,2016-12-21 00:00:00,1.4238984,,historical_city_aggregate,1.4223799,0.0015184999999999782
month,2016-12-22 00:00:00,1.2985976,,historical_city_aggregate,1.4238984,-0.1253008
month,2016-12-23 00:00:00,1.2972665,,historical_city_aggregate,1.2985976,-0.0013310999999998074
month,2016-12-26 00:00:00,1.3107331,,historical_city_aggregate,1.2972665,0.013466599999999884
month,2016-12-27 00:00:00,1.3134839,,historical_city_aggregate,1.3107331,0.002750800000000053
month,2016-12-28 00:00:00,1.2897931,,historical_city_aggregate,1.3134839,-0.023690800000000012
month,2016-12-29 00:00:00,1.2269239,,historical_city_aggregate,1.2897931,-0.06286919999999996
month,2016-12-30 00:00:00,1.2479555,,historical_city_aggregate,1.2269239,0.021031599999999928
month,2017-01-02 00:00:00,1.2693128,,historical_city_aggregate,1.2479555,0.021357300000000023
month,2017-01-03 00:00:00,1.2858639,,historical_city_aggregate,1.2693128,0.01655110000000004
month,2017-01-04 00:00:00,1.2964832,,historical_city_aggregate,1.2858639,0.010619299999999887
month,2017-01-05 00:00:00,1.3463773,,historical_city_aggregate,1.2964832,0.04989410000000016
month,2017-01-06 00:00:00,1.3245184,,historical_city_aggregate,1.3463773,-0.021858900000000014
month,2017-01-09 00:00:00,1.2834982,,historical_city_aggregate,1.3245184,-0.04102020000000017
month,2017-01-10 00:00:00,1.2756152,,historical_city_aggregate,1.2834982,-0.007882999999999862
month,2017-01-11 00:00:00,1.2684417,,historical_city_aggregate,1.2756152,-0.007173500000000166
month,2017-01-12 00:00:00,1.2875963,,historical_city_aggregate,1.2684417,0.01915460000000002
month,2017-01-13 00:00:00,1.3395116,,historical_city_aggregate,1.2875963,0.05191530000000011
month,2017-01-16 00:00:00,1.4291943,,historical_city_aggregate,1.3395116,0.0896827
month,2017-01-17 00:00:00,1.4174827,,historical_city_aggregate,1.4291943,-0.011711599999999933
month,2017-01-18 00:00:00,1.3976468,,historical_city_aggregate,1.4174827,-0.01983590000000013
month,2017-01-19 00:00:00,1.3971838,,historical_city_aggregate,1.3976468,-0.0004629999999998802
month,2017-01-20 00:00:00,1.3927824,,historical_city_aggregate,1.3971838,-0.004401400000000111
month,2017-01-23 00:00:00,1.5526665,,historical_city_aggregate,1.3927824,0.15988409999999997
month,2017-01-24 00:00:00,1.4675009,,historical_city_aggregate,1.5526665,-0.08516559999999984
month,2017-01-25 00:00:00,1.5549094,,historical_city_aggregate,1.4675009,0.0874085
month,2017-01-26 00:00:00,1.5598632,,historical_city_aggregate,1.5549094,0.004953799999999786
month,2017-01-27 00:00:00,1.5621485,,historical_city_aggregate,1.5598632,0.0022853000000000456
month,2017-01-30 00:00:00,1.6007008,,historical_city_aggregate,1.5621485,0.038552300000000095
month,2017-01-31 00:00:00,1.5964478,,historical_city_aggregate,1.6007008,-0.004253000000000062
month,2017-02-01 00:00:00,1.5851818,,historical_city_aggregate,1.5964478,-0.011265999999999998
month,2017-02-02 00:00:00,1.5645871,,historical_city_aggregate,1.5851818,-0.020594699999999966
month,2017-02-03 00:00:00,1.5852964,,historical_city_aggregate,1.5645871,0.02070930000000004
month,2017-02-06 00:00:00,1.6117851,,historical_city_aggregate,1.5852964,0.02648870000000003
month,2017-02-07 00:00:00,1.3684801,,historical_city_aggregate,1.6117851,-0.2433050000000001
month,2017-02-08 00:00:00,1.3565088,,historical_city_aggregate,1.3684801,-0.011971299999999907
month,2017-02-09 00:00:00,1.3395897,,historical_city_aggregate,1.3565088,-0.016919099999999965
month,2017-02-10 00:00:00,1.3386458,,historical_city_aggregate,1.3395897,-0.0009438999999999975
month,2017-02-13 00:00:00,1.4119104,,historical_city_aggregate,1.3386458,0.0732645999999999
month,2017-02-14 00:00:00,1.4092498,,historical_city_aggregate,1.4119104,-0.002660600000000013
month,2017-02-15 00:00:00,1.3987026,,historical_city_aggregate,1.4092498,-0.010547199999999979
month,2017-02-16 00:00:00,1.3860344,,historical_city_aggregate,1.3987026,-0.012668200000000018
month,2017-02-17 00:00:00,1.3868216,,historical_city_aggregate,1.3860344,0.0007871999999999879
month,2017-02-20 00:00:00,1.3748024,,historical_city_aggregate,1.3868216,-0.012019199999999897
month,2017-02-21 00:00:00,1.3950669,,historical_city_aggregate,1.3748024,0.020264499999999908
month,2017-02-22 00:00:00,1.5452329,,historical_city_aggregate,1.3950669,0.15016600000000002
month,2017-02-23 00:00:00,1.3833456,,historical_city_aggregate,1.5452329,-0.16188730000000007
month,2017-02-24 00:00:00,1.316848,,historical_city_aggregate,1.3833456,-0.06649759999999993
month,2017-02-27 00:00:00,1.304974,,historical_city_aggregate,1.316848,-0.01187399999999994
month,2017-02-28 00:00:00,1.2822591,,historical_city_aggregate,1.304974,-0.022714899999999982
month,2017-03-01 00:00:00,1.3273021,,historical_city_aggregate,1.2822591,0.045042999999999944
month,2017-03-02 00:00:00,1.3991583,,historical_city_aggregate,1.3273021,0.07185620000000004
month,2017-03-03 00:00:00,1.3769951,,historical_city_aggregate,1.3991583,-0.02216320000000005
month,2017-03-06 00:00:00,1.6014336,,historical_city_aggregate,1.3769951,0.22443849999999999
month,2017-03-07 00:00:00,1.6111238,,historical_city_aggregate,1.6014336,0.009690200000000093
month,2017-03-08 00:00:00,1.6220861,,historical_city_aggregate,1.6111238,0.01096229999999987
month,2017-03-09 00:00:00,1.6155695,,historical_city_aggregate,1.6220861,-0.0065165999999998725
month,2017-03-10 00:00:00,1.6456759,,historical_city_aggregate,1.6155695,0.030106399999999978
month,2017-03-13 00:00:00,1.5605507,,historical_city_aggregate,1.6456759,-0.08512520000000001
month,2017-03-14 00:00:00,1.3297163,,historical_city_aggregate,1.5605507,-0.2308344
month,2017-03-15 00:00:00,1.3553004,,historical_city_aggregate,1.3297163,0.025584099999999887
month,2017-03-16 00:00:00,1.4133865,,historical_city_aggregate,1.3553004,0.05808610000000014
month,2017-03-17 00:00:00,1.4091791,,historical_city_aggregate,1.4133865,-0.004207400000000083
month,2017-03-20 00:00:00,1.4020776,,historical_city_aggregate,1.4091791,-0.007101500000000094
month,2017-03-21 00:00:00,1.3877102,,historical_city_aggregate,1.4020776,-0.01436740000000003
month,2017-03-22 00:00:00,1.6733387,,historical_city_aggregate,1.3877102,0.28562850000000006
month,2017-03-23 00:00:00,1.6485816,,historical_city_aggregate,1.6733387,-0.024757099999999976
month,2017-03-24 00:00:00,1.7040279,,historical_city_aggregate,1.6485816,0.05544630000000006
month,2017-03-27 00:00:00,1.7078188,,historical_city_aggregate,1.7040279,0.0037909000000000415
month,2017-03-28 00:00:00,1.7512151,,historical_city_aggregate,1.7078188,0.04339629999999994
month,2017-03-29 00:00:00,1.7735669,,historical_city_aggregate,1.7512151,0.022351800000000033
month,2017-03-30 00:00:00,1.7664944,,historical_city_aggregate,1.7735669,-0.007072500000000037
month,2017-03-31 00:00:00,1.8016369,,historical_city_aggregate,1.7664944,0.035142500000000076
month,2017-04-03 00:00:00,1.7370921,,historical_city_aggregate,1.8016369,-0.06454480000000018
month,2017-04-04 00:00:00,1.7423962,,historical_city_aggregate,1.7370921,0.005304100000000034
month,2017-04-05 00:00:00,1.7588321,,historical_city_aggregate,1.7423962,0.01643590000000006
month,2017-04-06 00:00:00,1.7539848,,historical_city_aggregate,1.7588321,-0.004847299999999999
month,2017-04-07 00:00:00,1.7395585,,historical_city_aggregate,1.7539848,-0.014426300000000003
month,2017-04-10 00:00:00,1.1878048,,historical_city_aggregate,1.7395585,-0.5517536999999999
month,2017-04-11 00:00:00,1.1960027,,historical_city_aggregate,1.1878048,0.00819789999999987
month,2017-04-12 00:00:00,1.1763572,,historical_city_aggregate,1.1960027,-0.019645499999999982
month,2017-04-13 00:00:00,1.1706301,,historical_city_aggregate,1.1763572,-0.005727100000000096
month,2017-04-14 00:00:00,1.1490701,,historical_city_aggregate,1.1706301,-0.0215599999999998
month,2017-04-17 00:00:00,1.107801,,historical_city_aggregate,1.1490701,-0.04126910000000006
month,2017-04-18 00:00:00,1.1049156,,historical_city_aggregate,1.107801,-0.002885400000000038
month,2017-04-19 00:00:00,1.6533753,,historical_city_aggregate,1.1049156,0.5484597
month,2017-04-20 00:00:00,1.6610964,,historical_city_aggregate,1.6533753,0.007721099999999925
month,2017-04-21 00:00:00,1.6589879,,historical_city_aggregate,1.6610964,-0.0021084999999998466
month,2017-04-24 00:00:00,1.6584513,,historical_city_aggregate,1.6589879,-0.0005365999999999982
month,2017-04-25 00:00:00,1.2586087,,historical_city_aggregate,1.6584513,-0.39984260000000016
month,2017-04-26 00:00:00,1.2576504,,historical_city_aggregate,1.2586087,-0.0009582999999999675
month,2017-04-27 00:00:00,1.2529442,,historical_city_aggregate,1.2576504,-0.004706199999999994
month,2017-04-28 00:00:00,1.2357507,,historical_city_aggregate,1.2529442,-0.01719349999999986
month,2017-05-01 00:00:00,1.225321,,historical_city_aggregate,1.2357507,-0.010429699999999986
month,2017-05-02 00:00:00,1.1775917,,historical_city_aggregate,1.225321,-0.047729300000000086
month,2017-05-03 00:00:00,1.172938,,historical_city_aggregate,1.1775917,-0.004653699999999983
month,2017-05-04 00:00:00,1.1521598,,historical_city_aggregate,1.172938,-0.02077820000000008
month,2017-05-05 00:00:00,1.1499819,,historical_city_aggregate,1.1521598,-0.002177899999999955
month,2017-05-08 00:00:00,1.1369827,,historical_city_aggregate,1.1499819,-0.0129992000000001
month,2017-05-09 00:00:00,1.1047816,,historical_city_aggregate,1.1369827,-0.03220109999999998
month,2017-05-10 00:00:00,1.104965,,historical_city_aggregate,1.1047816,0.00018340000000005574
month,2017-05-11 00:00:00,1.0924832,,historical_city_aggregate,1.104965,-0.012481799999999987
month,2017-05-12 00:00:00,1.0986697,,historical_city_aggregate,1.0924832,0.006186500000000095
month,2017-05-15 00:00:00,1.1019338,,historical_city_aggregate,1.0986697,0.003264099999999992
month,2017-05-16 00:00:00,1.1012723,,historical_city_aggregate,1.1019338,-0.0006615000000000926
month,2017-05-17 00:00:00,1.1061826,,historical_city_aggregate,1.1012723,0.004910299999999923
month,2017-05-18 00:00:00,1.1065092,,historical_city_aggregate,1.1061826,0.00032660000000017675
month,2017-05-19 00:00:00,1.0974612,,historical_city_aggregate,1.1065092,-0.009048000000000167
month,2017-05-22 00:00:00,1.107286,,historical_city_aggregate,1.0974612,0.009824800000000078
month,2017-05-23 00:00:00,1.1100434,,historical_city_aggregate,1.107286,0.00275739999999991
month,2017-05-24 00:00:00,1.1404019,,historical_city_aggregate,1.1100434,0.030358500000000177
month,2017-05-25 00:00:00,1.1488729,,historical_city_aggregate,1.1404019,0.008470999999999895
month,2017-05-26 00:00:00,1.1449572,,historical_city_aggregate,1.1488729,-0.0039157000000000775
month,2017-05-29 00:00:00,1.1667589,,historical_city_aggregate,1.1449572,0.021801700000000146
month,2017-05-30 00:00:00,1.1647972,,historical_city_aggregate,1.1667589,-0.001961700000000066
month,2017-05-31 00:00:00,1.1691097,,historical_city_aggregate,1.1647972,0.004312499999999941
month,2017-06-01 00:00:00,1.1624179,,historical_city_aggregate,1.1691097,-0.0066918000000000255
month,2017-06-02 00:00:00,1.1495003,,historical_city_aggregate,1.1624179,-0.012917599999999974
month,2017-06-05 00:00:00,1.1394522,,historical_city_aggregate,1.1495003,-0.010048099999999893
month,2017-06-06 00:00:00,1.188278,,historical_city_aggregate,1.1394522,0.04882579999999992
month,2017-06-07 00:00:00,1.1900458,,historical_city_aggregate,1.188278,0.001767800000000097
month,2017-06-08 00:00:00,1.3299701,,historical_city_aggregate,1.1900458,0.1399242999999999
month,2017-06-09 00:00:00,1.322973,,historical_city_aggregate,1.3299701,-0.006997099999999978
month,2017-06-12 00:00:00,1.3649324,,historical_city_aggregate,1.322973,0.04195940000000009
month,2017-06-13 00:00:00,1.375154,,historical_city_aggregate,1.3649324,0.010221599999999942
month,2017-06-14 00:00:00,1.7294337,,historical_city_aggregate,1.375154,0.3542797
month,2017-06-15 00:00:00,1.7339664,,historical_city_aggregate,1.7294337,0.004532699999999945
month,2017-06-16 00:00:00,1.7260147,,historical_city_aggregate,1.7339664,-0.007951700000000006
month,2017-06-19 00:00:00,1.7819173,,historical_city_aggregate,1.7260147,0.055902600000000024
month,2017-06-20 00:00:00,1.2579813,,historical_city_aggregate,1.7819173,-0.523936
month,2017-06-21 00:00:00,1.2445329,,historical_city_aggregate,1.2579813,-0.013448399999999916
month,2017-06-22 00:00:00,1.247164,,historical_city_aggregate,1.2445329,0.0026310999999998863
month,2017-06-23 00:00:00,1.2321055,,historical_city_aggregate,1.247164,-0.015058499999999864
month,2017-06-26 00:00:00,1.2281732,,historical_city_aggregate,1.2321055,-0.0039323
month,2017-06-27 00:00:00,1.2326117,,historical_city_aggregate,1.2281732,0.004438500000000012
month,2017-06-28 00:00:00,1.2421163,,historical_city_aggregate,1.2326117,0.009504599999999863
month,2017-06-29 00:00:00,1.3483065,,historical_city_aggregate,1.2421163,0.10619020000000012
month,2017-06-30 00:00:00,1.2351714,,historical_city_aggregate,1.3483065,-0.11313510000000004
month,2017-07-03 00:00:00,1.2715542,,historical_city_aggregate,1.2351714,0.03638279999999994
month,2017-07-04 00:00:00,1.1709293,,historical_city_aggregate,1.2715542,-0.1006248999999999
month,2017-07-05 00:00:00,1.1762618,,historical_city_aggregate,1.1709293,0.005332499999999962
month,2017-07-06 00:00:00,1.1717641,,historical_city_aggregate,1.1762618,-0.004497699999999938
month,2017-07-07 00:00:00,1.1015825,,historical_city_aggregate,1.1717641,-0.07018160000000018
month,2017-07-10 00:00:00,1.1083084,,historical_city_aggregate,1.1015825,0.006725900000000173
month,2017-07-11 00:00:00,1.1170046,,historical_city_aggregate,1.1083084,0.008696199999999932
month,2017-07-12 00:00:00,1.1114681,,historical_city_aggregate,1.1170046,-0.005536500000000055
month,2017-07-13 00:00:00,1.1286606,,historical_city_aggregate,1.1114681,0.017192499999999944
month,2017-07-14 00:00:00,1.1554446,,historical_city_aggregate,1.1286606,0.02678400000000014
month,2017-07-17 00:00:00,1.152511,,historical_city_aggregate,1.1554446,-0.0029335999999999807
month,2017-07-18 00:00:00,1.1340163,,historical_city_aggregate,1.152511,-0.018494699999999975
month,2017-07-19 00:00:00,1.1305604,,historical_city_aggregate,1.1340163,-0.0034559000000000673
month,2017-07-20 00:00:00,1.1345568,,historical_city_aggregate,1.1305604,0.0039963999999999
month,2017-07-21 00:00:00,1.1161917,,historical_city_aggregate,1.1345568,-0.018365100000000023
month,2017-07-24 00:00:00,1.1562947,,historical_city_aggregate,1.1161917,0.040103
month,2017-07-25 00:00:00,1.1517246,,historical_city_aggregate,1.1562947,-0.004570099999999799
month,2017-07-26 00:00:00,1.1715248,,historical_city_aggregate,1.1517246,0.019800199999999935
month,2017-07-27 00:00:00,1.1790691,,historical_city_aggregate,1.1715248,0.007544299999999948
month,2017-07-28 00:00:00,1.1896559,,historical_city_aggregate,1.1790691,0.010586800000000007
month,2017-07-31 00:00:00,1.1889767,,historical_city_aggregate,1.1896559,-0.0006791999999999909
month,2017-08-01 00:00:00,1.1744556,,historical_city_aggregate,1.1889767,-0.014521100000000065
month,2017-08-02 00:00:00,1.2002961,,historical_city_aggregate,1.1744556,0.025840500000000155
month,2017-08-03 00:00:00,1.2090111,,historical_city_aggregate,1.2002961,0.008714999999999806
month,2017-08-04 00:00:00,1.2071328,,historical_city_aggregate,1.2090111,-0.0018782999999999994
month,2017-08-07 00:00:00,1.2937475,,historical_city_aggregate,1.2071328,0.08661470000000016
month,2017-08-08 00:00:00,1.3205547,,historical_city_aggregate,1.2937475,0.02680719999999992
month,2017-08-09 00:00:00,1.3104228,,historical_city_aggregate,1.3205547,-0.010131899999999971
month,2017-08-10 00:00:00,1.295447,,historical_city_aggregate,1.3104228,-0.014975799999999984
month,2017-08-11 00:00:00,1.2911084,,historical_city_aggregate,1.295447,-0.004338600000000081
month,2017-08-14 00:00:00,1.313924,,historical_city_aggregate,1.2911084,0.022815600000000158
month,2017-08-15 00:00:00,1.2239268,,historical_city_aggregate,1.313924,-0.0899972
month,2017-08-16 00:00:00,1.2248064,,historical_city_aggregate,1.2239268,0.0008795999999999804
month,2017-08-17 00:00:00,1.2548948,,historical_city_aggregate,1.2248064,0.030088399999999904
month,2017-08-18 00:00:00,1.2724663,,historical_city_aggregate,1.2548948,0.017571500000000073
month,2017-08-21 00:00:00,1.2739733,,historical_city_aggregate,1.2724663,0.001506999999999925
month,2017-08-22 00:00:00,1.2658951,,historical_city_aggregate,1.2739733,-0.008078199999999924
month,2017-08-23 00:00:00,1.2670557,,historical_city_aggregate,1.2658951,0.0011605999999999561
month,2017-08-24 00:00:00,1.2610486,,historical_city_aggregate,1.2670557,-0.006007099999999932
month,2017-08-25 00:00:00,1.2725084,,historical_city_aggregate,1.2610486,0.011459799999999909
month,2017-08-28 00:00:00,1.2068463,,historical_city_aggregate,1.2725084,-0.06566209999999995
month,2017-08-29 00:00:00,1.216993,,historical_city_aggregate,1.2068463,0.010146699999999953
month,2017-08-30 00:00:00,1.2151604,,historical_city_aggregate,1.216993,-0.001832599999999962
month,2017-08-31 00:00:00,1.2131158,,historical_city_aggregate,1.2151604,-0.002044600000000063
month,2017-09-01 00:00:00,1.2178481,,historical_city_aggregate,1.2131158,0.004732300000000134
month,2017-09-04 00:00:00,1.2121137,,historical_city_aggregate,1.2178481,-0.005734400000000139
month,2017-09-05 00:00:00,1.1867874,,historical_city_aggregate,1.2121137,-0.025326299999999913
month,2017-09-06 00:00:00,1.1999123,,historical_city_aggregate,1.1867874,0.013124899999999995
month,2017-09-07 00:00:00,1.1970066,,historical_city_aggregate,1.1999123,-0.002905700000000122
month,2017-09-08 00:00:00,1.1882668,,historical_city_aggregate,1.1970066,-0.008739799999999853
month,2017-09-11 00:00:00,1.2086999,,historical_city_aggregate,1.1882668,0.020433099999999982
month,2017-09-12 00:00:00,1.1735283,,historical_city_aggregate,1.2086999,-0.03517159999999997
month,2017-09-13 00:00:00,1.1795599,,historical_city_aggregate,1.1735283,0.006031600000000026
month,2017-09-14 00:00:00,1.1788752,,historical_city_aggregate,1.1795599,-0.0006847000000000936
month,2017-09-15 00:00:00,1.1639211,,historical_city_aggregate,1.1788752,-0.01495409999999997
month,2017-09-18 00:00:00,1.1550876,,historical_city_aggregate,1.1639211,-0.008833499999999939
month,2017-09-19 00:00:00,1.1448446,,historical_city_aggregate,1.1550876,-0.010243000000000002
month,2017-09-20 00:00:00,1.143498,,historical_city_aggregate,1.1448446,-0.0013466000000001976
month,2017-09-21 00:00:00,1.2015479,,historical_city_aggregate,1.143498,0.0580499000000001
month,2017-09-22 00:00:00,1.215046,,historical_city_aggregate,1.2015479,0.013498100000000068
month,2017-09-25 00:00:00,1.1909189,,historical_city_aggregate,1.215046,-0.024127100000000068
month,2017-09-26 00:00:00,1.1603967,,historical_city_aggregate,1.1909189,-0.030522200000000055
month,2017-09-27 00:00:00,1.1395065,,historical_city_aggregate,1.1603967,-0.02089019999999997
month,2017-09-28 00:00:00,1.140339,,historical_city_aggregate,1.1395065,0.0008325000000000138
month,2017-09-29 00:00:00,1.1252708,,historical_city_aggregate,1.140339,-0.015068199999999976
month,2017-10-02 00:00:00,1.1459524,,historical_city_aggregate,1.1252708,0.020681600000000078
month,2017-10-03 00:00:00,1.1127047,,historical_city_aggregate,1.1459524,-0.03324769999999999
month,2017-10-04 00:00:00,1.1122127,,historical_city_aggregate,1.1127047,-0.000492000000000159
month,2017-10-05 00:00:00,1.1098461,,historical_city_aggregate,1.1122127,-0.0023665999999999965
month,2017-10-06 00:00:00,1.1295095,,historical_city_aggregate,1.1098461,0.019663399999999998
month,2017-10-09 00:00:00,1.1595405,,historical_city_aggregate,1.1295095,0.03003100000000014
month,2017-10-10 00:00:00,1.1699311,,historical_city_aggregate,1.1595405,0.010390599999999806
month,2017-10-11 00:00:00,1.2326666,,historical_city_aggregate,1.1699311,0.06273550000000006
month,2017-10-12 00:00:00,1.2327015,,historical_city_aggregate,1.2326666,3.489999999994886e-05
month,2017-10-13 00:00:00,1.2334197,,historical_city_aggregate,1.2327015,0.0007182000000001132
month,2017-10-16 00:00:00,1.235629,,historical_city_aggregate,1.2334197,0.0022093000000000806
month,2017-10-17 00:00:00,1.2778893,,historical_city_aggregate,1.235629,0.04226029999999992
month,2017-10-18 00:00:00,1.2954163,,historical_city_aggregate,1.2778893,0.01752700000000007
month,2017-10-19 00:00:00,1.229075,,historical_city_aggregate,1.2954163,-0.06634130000000016
month,2017-10-20 00:00:00,1.2287614,,historical_city_aggregate,1.229075,-0.00031359999999991395
month,2017-10-23 00:00:00,1.2671559,,historical_city_aggregate,1.2287614,0.03839449999999989
month,2017-10-24 00:00:00,1.2467388,,historical_city_aggregate,1.2671559,-0.020417099999999966
month,2017-10-25 00:00:00,1.3188654,,historical_city_aggregate,1.2467388,0.07212660000000004
month,2017-10-26 00:00:00,0.9871778,,historical_city_aggregate,1.3188654,-0.33168759999999997
month,2017-10-27 00:00:00,1.3227259,,historical_city_aggregate,0.9871778,0.3355481
month,2017-10-30 00:00:00,1.30922,,historical_city_aggregate,1.3227259,-0.01350589999999996
month,2017-10-31 00:00:00,1.2455773,,historical_city_aggregate,1.30922,-0.06364269999999994
month,2017-11-01 00:00:00,1.2437434,,historical_city_aggregate,1.2455773,-0.001833900000000055
month,2017-11-02 00:00:00,1.2562677,,historical_city_aggregate,1.2437434,0.012524299999999933
month,2017-11-03 00:00:00,1.2215387,,historical_city_aggregate,1.2562677,-0.03472900000000001
month,2017-11-06 00:00:00,1.235451,,historical_city_aggregate,1.2215387,0.0139123000000001
month,2017-11-07 00:00:00,1.2425916,,historical_city_aggregate,1.235451,0.00714059999999983
month,2017-11-08 00:00:00,1.2078354,,historical_city_aggregate,1.2425916,-0.034756199999999904
month,2017-11-09 00:00:00,1.2125904,,historical_city_aggregate,1.2078354,0.004755000000000065
month,2017-11-10 00:00:00,1.2027035,,historical_city_aggregate,1.2125904,-0.009886900000000143
month,2017-11-13 00:00:00,1.2117519,,historical_city_aggregate,1.2027035,0.009048400000000179
month,2017-11-14 00:00:00,1.2435079,,historical_city_aggregate,1.2117519,0.031755999999999895
month,2017-11-15 00:00:00,1.2541741,,historical_city_aggregate,1.2435079,0.010666199999999959
month,2017-11-16 00:00:00,1.2578547,,historical_city_aggregate,1.2541741,0.003680600000000034
month,2017-11-17 00:00:00,1.2061759,,historical_city_aggregate,1.2578547,-0.051678799999999914
month,2017-11-20 00:00:00,1.2196775,,historical_city_aggregate,1.2061759,0.013501599999999891
month,2017-11-21 00:00:00,1.2311724,,historical_city_aggregate,1.2196775,0.011494899999999975
month,2017-11-22 00:00:00,1.2261007,,historical_city_aggregate,1.2311724,-0.005071700000000012
month,2017-11-23 00:00:00,1.2441442,,historical_city_aggregate,1.2261007,0.0180435000000001
month,2017-11-24 00:00:00,1.2155639,,historical_city_aggregate,1.2441442,-0.028580300000000003
month,2017-11-27 00:00:00,1.1989041,,historical_city_aggregate,1.2155639,-0.016659800000000002
month,2017-11-28 00:00:00,1.2122487,,historical_city_aggregate,1.1989041,0.013344599999999929
month,2017-11-29 00:00:00,1.2089672,,historical_city_aggregate,1.2122487,-0.0032814999999999372
month,2017-11-30 00:00:00,1.2149672,,historical_city_aggregate,1.2089672,0.006000000000000005
month,2017-12-01 00:00:00,1.2538694,,historical_city_aggregate,1.2149672,0.03890219999999989
month,2017-12-04 00:00:00,1.2627553,,historical_city_aggregate,1.2538694,0.008885900000000113
month,2017-12-05 00:00:00,1.2206061,,historical_city_aggregate,1.2627553,-0.04214920000000011
month,2017-12-06 00:00:00,1.2317528,,historical_city_aggregate,1.2206061,0.011146700000000065
month,2017-12-07 00:00:00,1.1928606,,historical_city_aggregate,1.2317528,-0.03889220000000004
month,2017-12-08 00:00:00,1.1992448,,historical_city_aggregate,1.1928606,0.006384200000000062
month,2017-12-11 00:00:00,1.1914567,,historical_city_aggregate,1.1992448,-0.0077880999999999645
month,2017-12-12 00:00:00,1.1683273,,historical_city_aggregate,1.1914567,-0.023129399999999967
month,2017-12-13 00:00:00,1.1619086,,historical_city_aggregate,1.1683273,-0.006418699999999999
month,2017-12-14 00:00:00,1.1459042,,historical_city_aggregate,1.1619086,-0.01600440000000014
month,2017-12-15 00:00:00,1.1413762,,historical_city_aggregate,1.1459042,-0.0045279999999998655
month,2017-12-18 00:00:00,1.151601,,historical_city_aggregate,1.1413762,0.010224800000000034
month,2017-12-19 00:00:00,1.1520825,,historical_city_aggregate,1.151601,0.00048149999999980153
month,2017-12-20 00:00:00,1.1640201,,historical_city_aggregate,1.1520825,0.011937599999999993
month,2017-12-21 00:00:00,1.1529737,,historical_city_aggregate,1.1640201,-0.0110463999999999
month,2017-12-22 00:00:00,1.1639484,,historical_city_aggregate,1.1529737,0.010974700000000004
month,2017-12-25 00:00:00,1.1567953,,historical_city_aggregate,1.1639484,-0.007153100000000023
month,2017-12-26 00:00:00,1.1677337,,historical_city_aggregate,1.1567953,0.010938400000000126
month,2017-12-27 00:00:00,1.1471619,,historical_city_aggregate,1.1677337,-0.02057180000000014
month,2017-12-28 00:00:00,1.1572055,,historical_city_aggregate,1.1471619,0.010043600000000152
month,2017-12-29 00:00:00,1.1447905,,historical_city_aggregate,1.1572055,-0.012415000000000065
month,2018-01-01 00:00:00,1.1364474,,historical_city_aggregate,1.1447905,-0.008343100000000048
month,2018-01-02 00:00:00,1.1660202,,historical_city_aggregate,1.1364474,0.029572799999999955
month,2018-01-03 00:00:00,1.1571025,,historical_city_aggregate,1.1660202,-0.008917700000000028
month,2018-01-04 00:00:00,1.1491514,,historical_city_aggregate,1.1571025,-0.007951099999999878
month,2018-01-05 00:00:00,1.1576824,,historical_city_aggregate,1.1491514,0.008530999999999844
month,2018-01-08 00:00:00,1.1636307,,historical_city_aggregate,1.1576824,0.0059483000000000175
month,2018-01-09 00:00:00,1.1565225,,historical_city_aggregate,1.1636307,-0.007108200000000009
month,2018-01-10 00:00:00,1.1618821,,historical_city_aggregate,1.1565225,0.00535960000000002
month,2018-01-11 00:00:00,1.2985855,,historical_city_aggregate,1.1618821,0.13670340000000003
month,2018-01-12 00:00:00,1.282792,,historical_city_aggregate,1.2985855,-0.015793500000000016
month,2018-01-15 00:00:00,1.1552232,,historical_city_aggregate,1.282792,-0.12756879999999993
month,2018-01-16 00:00:00,1.1699376,,historical_city_aggregate,1.1552232,0.014714399999999905
month,2018-01-17 00:00:00,1.1457863,,historical_city_aggregate,1.1699376,-0.024151299999999987
month,2018-01-18 00:00:00,1.1547167,,historical_city_aggregate,1.1457863,0.008930400000000116
month,2018-01-19 00:00:00,1.1491991,,historical_city_aggregate,1.1547167,-0.005517600000000122
month,2018-01-22 00:00:00,1.0874541,,historical_city_aggregate,1.1491991,-0.06174499999999994
month,2018-01-23 00:00:00,1.0911879,,historical_city_aggregate,1.0874541,0.0037338000000000093
month,2018-01-24 00:00:00,1.1558668,,historical_city_aggregate,1.0911879,0.0646789000000001
month,2018-01-25 00:00:00,1.1999757,,historical_city_aggregate,1.1558668,0.044108899999999895
month,2018-01-26 00:00:00,1.1963114,,historical_city_aggregate,1.1999757,-0.0036643000000000647
month,2018-01-29 00:00:00,1.2785593,,historical_city_aggregate,1.1963114,0.08224790000000004
month,2018-01-30 00:00:00,1.2748416,,historical_city_aggregate,1.2785593,-0.003717699999999935
month,2018-01-31 00:00:00,1.2812207,,historical_city_aggregate,1.2748416,0.006379099999999971
month,2018-02-01 00:00:00,1.2894318,,historical_city_aggregate,1.2812207,0.008211100000000027
month,2018-02-02 00:00:00,1.24841,,historical_city_aggregate,1.2894318,-0.0410218
month,2018-02-05 00:00:00,1.2692633,,historical_city_aggregate,1.24841,0.020853299999999964
month,2018-02-06 00:00:00,1.2571917,,historical_city_aggregate,1.2692633,-0.012071600000000071
month,2018-02-07 00:00:00,1.2168607,,historical_city_aggregate,1.2571917,-0.040330999999999895
month,2018-02-08 00:00:00,1.2106657,,historical_city_aggregate,1.2168607,-0.0061949999999999505
month,2018-02-09 00:00:00,1.2114136,,historical_city_aggregate,1.2106657,0.0007478999999999125
month,2018-02-12 00:00:00,1.2945294,,historical_city_aggregate,1.2114136,0.08311580000000007
month,2018-02-13 00:00:00,1.2677321,,historical_city_aggregate,1.2945294,-0.026797300000000135
month,2018-02-14 00:00:00,1.3097345,,historical_city_aggregate,1.2677321,0.042002400000000106
month,2018-02-15 00:00:00,1.3856567,,historical_city_aggregate,1.3097345,0.07592219999999994
month,2018-02-16 00:00:00,1.3281065,,historical_city_aggregate,1.3856567,-0.057550199999999885
month,2018-02-19 00:00:00,1.2885138,,historical_city_aggregate,1.3281065,-0.039592700000000036
month,2018-02-20 00:00:00,1.2896728,,historical_city_aggregate,1.2885138,0.00115899999999991
month,2018-02-21 00:00:00,1.3008938,,historical_city_aggregate,1.2896728,0.011221000000000148
month,2018-02-22 00:00:00,1.2939835,,historical_city_aggregate,1.3008938,-0.006910300000000147
month,2018-02-23 00:00:00,1.2400944,,historical_city_aggregate,1.2939835,-0.05388909999999991
month,2018-02-26 00:00:00,1.1960125,,historical_city_aggregate,1.2400944,-0.04408190000000012
month,2018-02-27 00:00:00,1.1964006,,historical_city_aggregate,1.1960125,0.00038810000000011335
month,2018-02-28 00:00:00,1.1915553,,historical_city_aggregate,1.1964006,-0.004845299999999941
month,2018-03-01 00:00:00,1.1852777,,historical_city_aggregate,1.1915553,-0.006277599999999994
month,2018-03-02 00:00:00,1.2021412,,historical_city_aggregate,1.1852777,0.01686349999999992
month,2018-03-05 00:00:00,1.2089056,,historical_city_aggregate,1.2021412,0.006764400000000004
month,2018-03-06 00:00:00,1.1924161,,historical_city_aggregate,1.2089056,-0.016489500000000046
month,2018-03-07 00:00:00,1.2635283,,historical_city_aggregate,1.1924161,0.07111219999999996
month,2018-03-08 00:00:00,1.2860024,,historical_city_aggregate,1.2635283,0.022474100000000163
month,2018-03-09 00:00:00,1.2990741,,historical_city_aggregate,1.2860024,0.013071699999999797
month,2018-03-12 00:00:00,1.2816695,,historical_city_aggregate,1.2990741,-0.01740459999999988
month,2018-03-13 00:00:00,1.2839932,,historical_city_aggregate,1.2816695,0.0023237000000000396
month,2018-03-14 00:00:00,1.293311,,historical_city_aggregate,1.2839932,0.009317800000000043
month,2018-03-15 00:00:00,1.5582043,,historical_city_aggregate,1.293311,0.2648933
month,2018-03-16 00:00:00,1.602398,,historical_city_aggregate,1.5582043,0.04419369999999989
month,2018-03-19 00:00:00,1.6876554,,historical_city_aggregate,1.602398,0.08525739999999993
month,2018-03-20 00:00:00,1.6463444,,historical_city_aggregate,1.6876554,-0.041310999999999876
month,2018-03-21 00:00:00,1.6212281,,historical_city_aggregate,1.6463444,-0.02511630000000009
month,2018-03-22 00:00:00,1.6149301,,historical_city_aggregate,1.6212281,-0.006297999999999915
month,2018-03-23 00:00:00,1.1260978,,historical_city_aggregate,1.6149301,-0.4888323000000001
month,2018-03-26 00:00:00,1.1180259,,historical_city_aggregate,1.1260978,-0.00807190000000002
month,2018-03-27 00:00:00,1.5951338,,historical_city_aggregate,1.1180259,0.47710790000000003
month,2018-03-28 00:00:00,1.6161196,,historical_city_aggregate,1.5951338,0.020985800000000054
month,2018-03-29 00:00:00,1.6579579,,historical_city_aggregate,1.6161196,0.041838299999999995
month,2018-03-30 00:00:00,1.6566613,,historical_city_aggregate,1.6579579,-0.0012966000000000921
month,2018-04-02 00:00:00,1.6221116,,historical_city_aggregate,1.6566613,-0.034549699999999905
month,2018-04-03 00:00:00,1.2770472,,historical_city_aggregate,1.6221116,-0.34506440000000005
month,2018-04-04 00:00:00,1.2730668,,historical_city_aggregate,1.2770472,-0.003980399999999884
month,2018-04-05 00:00:00,1.2676951,,historical_city_aggregate,1.2730668,-0.005371699999999979
month,2018-04-06 00:00:00,1.2576996,,historical_city_aggregate,1.2676951,-0.009995500000000046
month,2018-04-09 00:00:00,1.2333486,,historical_city_aggregate,1.2576996,-0.02435100000000001
month,2018-04-10 00:00:00,1.1689473,,historical_city_aggregate,1.2333486,-0.0644013000000001
month,2018-04-11 00:00:00,1.1769385,,historical_city_aggregate,1.1689473,0.007991200000000198
month,2018-04-12 00:00:00,1.1891383,,historical_city_aggregate,1.1769385,0.012199799999999872
month,2018-04-13 00:00:00,1.175341,,historical_city_aggregate,1.1891383,-0.013797300000000012
month,2018-04-16 00:00:00,1.1708579,,historical_city_aggregate,1.175341,-0.004483100000000073
month,2018-04-17 00:00:00,1.1716343,,historical_city_aggregate,1.1708579,0.0007764000000001214
month,2018-04-18 00:00:00,1.1654559,,historical_city_aggregate,1.1716343,-0.006178400000000028
month,2018-04-19 00:00:00,1.1697106,,historical_city_aggregate,1.1654559,0.004254699999999945
month,2018-04-20 00:00:00,1.1855757,,historical_city_aggregate,1.1697106,0.015865100000000076
month,2018-04-23 00:00:00,1.1797906,,historical_city_aggregate,1.1855757,-0.0057850999999999875
month,2018-04-24 00:00:00,1.1931731,,historical_city_aggregate,1.1797906,0.013382500000000075
month,2018-04-25 00:00:00,1.2026831,,historical_city_aggregate,1.1931731,0.009509999999999907
month,2018-04-26 00:00:00,1.2291411,,historical_city_aggregate,1.2026831,0.026458000000000093
month,2018-04-27 00:00:00,1.2271421,,historical_city_aggregate,1.2291411,-0.001999000000000084
month,2018-04-30 00:00:00,1.1988021,,historical_city_aggregate,1.2271421,-0.028340000000000032
month,2018-05-01 00:00:00,1.2461817,,historical_city_aggregate,1.1988021,0.047379599999999966
month,2018-05-02 00:00:00,1.246481,,historical_city_aggregate,1.2461817,0.00029930000000000234
month,2018-05-03 00:00:00,1.2314709,,historical_city_aggregate,1.246481,-0.015010100000000026
month,2018-05-04 00:00:00,1.2267893,,historical_city_aggregate,1.2314709,-0.0046815999999998414
month,2018-05-07 00:00:00,1.238524,,historical_city_aggregate,1.2267893,0.011734699999999876
month,2018-05-08 00:00:00,1.2279451,,historical_city_aggregate,1.238524,-0.010578900000000058
month,2018-05-09 00:00:00,1.2623737,,historical_city_aggregate,1.2279451,0.03442860000000003
month,2018-05-10 00:00:00,1.2092205,,historical_city_aggregate,1.2623737,-0.0531531999999999
month,2018-05-11 00:00:00,1.2497907,,historical_city_aggregate,1.2092205,0.04057019999999989
month,2018-05-14 00:00:00,1.2380429,,historical_city_aggregate,1.2497907,-0.011747799999999975
month,2018-05-15 00:00:00,1.2327778,,historical_city_aggregate,1.2380429,-0.0052650999999999115
month,2018-05-16 00:00:00,1.2219505,,historical_city_aggregate,1.2327778,-0.010827300000000095
month,2018-05-17 00:00:00,1.2364544,,historical_city_aggregate,1.2219505,0.014503900000000014
month,2018-05-18 00:00:00,1.1984879,,historical_city_aggregate,1.2364544,-0.037966500000000014
month,2018-05-21 00:00:00,1.1959183,,historical_city_aggregate,1.1984879,-0.0025695999999999497
month,2018-05-22 00:00:00,1.1883376,,historical_city_aggregate,1.1959183,-0.007580699999999885
month,2018-05-23 00:00:00,1.1900165,,historical_city_aggregate,1.1883376,0.0016788999999999277
month,2018-05-24 00:00:00,1.1922318,,historical_city_aggregate,1.1900165,0.002215300000000031
month,2018-05-25 00:00:00,1.1996234,,historical_city_aggregate,1.1922318,0.007391599999999832
month,2018-05-28 00:00:00,1.2065015,,historical_city_aggregate,1.1996234,0.006878099999999998
month,2018-05-29 00:00:00,1.2733468,,historical_city_aggregate,1.2065015,0.0668453
month,2018-05-30 00:00:00,1.224401,,historical_city_aggregate,1.2733468,-0.04894579999999982
month,2018-05-31 00:00:00,1.2262614,,historical_city_aggregate,1.224401,0.0018603999999999843
month,2018-06-01 00:00:00,1.2287374,,historical_city_aggregate,1.2262614,0.0024759999999999227
month,2018-06-04 00:00:00,1.2044234,,historical_city_aggregate,1.2287374,-0.024313999999999947
month,2018-06-05 00:00:00,1.2032251,,historical_city_aggregate,1.2044234,-0.0011982999999999855
month,2018-06-06 00:00:00,1.1732758,,historical_city_aggregate,1.2032251,-0.029949299999999957
month,2018-06-07 00:00:00,1.1907261,,historical_city_aggregate,1.1732758,0.01745029999999992
month,2018-06-08 00:00:00,1.2129682,,historical_city_aggregate,1.1907261,0.02224209999999993
month,2018-06-11 00:00:00,1.2187283,,historical_city_aggregate,1.2129682,0.005760100000000046
month,2018-06-12 00:00:00,1.2115046,,historical_city_aggregate,1.2187283,-0.007223699999999944
month,2018-06-13 00:00:00,1.2024075,,historical_city_aggregate,1.2115046,-0.009097099999999969
month,2018-06-14 00:00:00,1.2211816,,historical_city_aggregate,1.2024075,0.018774099999999905
month,2018-06-15 00:00:00,1.2233661,,historical_city_aggregate,1.2211816,0.0021845000000000336
month,2018-06-18 00:00:00,1.9284495,,historical_city_aggregate,1.2233661,0.7050833999999999
month,2018-06-19 00:00:00,1.2602656,,historical_city_aggregate,1.9284495,-0.6681838999999998
month,2018-06-20 00:00:00,1.2661426,,historical_city_aggregate,1.2602656,0.00587699999999991
month,2018-06-21 00:00:00,1.2554334,,historical_city_aggregate,1.2661426,-0.010709199999999974
month,2018-06-22 00:00:00,1.2459155,,historical_city_aggregate,1.2554334,-0.009517900000000079
month,2018-06-25 00:00:00,1.1944242,,historical_city_aggregate,1.2459155,-0.05149129999999991
month,2018-06-26 00:00:00,1.2011201,,historical_city_aggregate,1.1944242,0.006695899999999977
month,2018-06-27 00:00:00,1.2076449,,historical_city_aggregate,1.2011201,0.006524799999999997
month,2018-06-28 00:00:00,1.2097323,,historical_city_aggregate,1.2076449,0.0020873999999999615
month,2018-06-29 00:00:00,1.2079237,,historical_city_aggregate,1.2097323,-0.001808599999999938
month,2018-07-02 00:00:00,1.2917659,,historical_city_aggregate,1.2079237,0.08384219999999987
month,2018-07-03 00:00:00,1.3109699,,historical_city_aggregate,1.2917659,0.019204
month,2018-07-04 00:00:00,1.2440955,,historical_city_aggregate,1.3109699,-0.06687439999999989
month,2018-07-05 00:00:00,1.2090623,,historical_city_aggregate,1.2440955,-0.03503319999999999
month,2018-07-06 00:00:00,1.2574953,,historical_city_aggregate,1.2090623,0.04843299999999995
month,2018-07-09 00:00:00,1.2702116,,historical_city_aggregate,1.2574953,0.012716300000000125
month,2018-07-10 00:00:00,1.2290837,,historical_city_aggregate,1.2702116,-0.04112790000000022
month,2018-07-11 00:00:00,1.2269524,,historical_city_aggregate,1.2290837,-0.002131299999999836
month,2018-07-12 00:00:00,1.2120205,,historical_city_aggregate,1.2269524,-0.014931900000000109
month,2018-07-13 00:00:00,1.2293225,,historical_city_aggregate,1.2120205,0.01730200000000015
month,2018-07-16 00:00:00,1.2124598,,historical_city_aggregate,1.2293225,-0.01686270000000012
month,2018-07-17 00:00:00,1.2143604,,historical_city_aggregate,1.2124598,0.001900599999999919
month,2018-07-18 00:00:00,1.2162158,,historical_city_aggregate,1.2143604,0.0018554000000001736
month,2018-07-19 00:00:00,1.2210348,,historical_city_aggregate,1.2162158,0.004818999999999907
month,2018-07-20 00:00:00,1.2242782,,historical_city_aggregate,1.2210348,0.0032434000000001184
month,2018-07-23 00:00:00,1.1976042,,historical_city_aggregate,1.2242782,-0.026674000000000087
month,2018-07-24 00:00:00,1.1927759,,historical_city_aggregate,1.1976042,-0.004828300000000008
month,2018-07-25 00:00:00,1.2001162,,historical_city_aggregate,1.1927759,0.007340300000000077
month,2018-07-26 00:00:00,1.1916253,,historical_city_aggregate,1.2001162,-0.008490899999999968
month,2018-07-27 00:00:00,1.1704205,,historical_city_aggregate,1.1916253,-0.021204800000000024
month,2018-07-30 00:00:00,1.1757435,,historical_city_aggregate,1.1704205,0.005322999999999967
month,2018-07-31 00:00:00,1.1807986,,historical_city_aggregate,1.1757435,0.005055099999999868
month,2018-08-01 00:00:00,1.2156579,,historical_city_aggregate,1.1807986,0.03485930000000015
month,2018-08-02 00:00:00,1.213581,,historical_city_aggregate,1.2156579,-0.002076900000000048
month,2018-08-03 00:00:00,1.215942,,historical_city_aggregate,1.213581,0.0023610000000000575
month,2018-08-06 00:00:00,1.2538219,,historical_city_aggregate,1.215942,0.037879899999999855
month,2018-08-07 00:00:00,1.2295512,,historical_city_aggregate,1.2538219,-0.02427069999999998
month,2018-08-08 00:00:00,1.2780989,,historical_city_aggregate,1.2295512,0.04854770000000008
month,2018-08-09 00:00:00,1.2733371,,historical_city_aggregate,1.2780989,-0.004761800000000038
month,2018-08-10 00:00:00,1.3026386,,historical_city_aggregate,1.2733371,0.02930150000000009
month,2018-08-13 00:00:00,1.2825626,,historical_city_aggregate,1.3026386,-0.020075999999999983
month,2018-08-14 00:00:00,1.2759342,,historical_city_aggregate,1.2825626,-0.00662840000000009
month,2018-08-15 00:00:00,1.2928392,,historical_city_aggregate,1.2759342,0.016904999999999948
month,2018-08-16 00:00:00,1.2529437,,historical_city_aggregate,1.2928392,-0.03989549999999986
month,2018-08-17 00:00:00,1.2500623,,historical_city_aggregate,1.2529437,-0.002881400000000145
month,2018-08-20 00:00:00,1.2494446,,historical_city_aggregate,1.2500623,-0.0006177000000000543
month,2018-08-21 00:00:00,1.264875,,historical_city_aggregate,1.2494446,0.015430400000000066
month,2018-08-22 00:00:00,1.2554129,,historical_city_aggregate,1.264875,-0.009462099999999918
month,2018-08-23 00:00:00,1.3076812,,historical_city_aggregate,1.2554129,0.052268299999999934
month,2018-08-24 00:00:00,1.318072,,historical_city_aggregate,1.3076812,0.010390799999999922
month,2018-08-27 00:00:00,1.52078,,historical_city_aggregate,1.318072,0.2027080000000001
month,2018-08-28 00:00:00,1.3828209,,historical_city_aggregate,1.52078,-0.1379591
month,2018-08-29 00:00:00,1.4021282,,historical_city_aggregate,1.3828209,0.019307299999999916
month,2018-08-30 00:00:00,1.39881,,historical_city_aggregate,1.4021282,-0.003318199999999827
month,2018-08-31 00:00:00,1.3959082,,historical_city_aggregate,1.39881,-0.0029018000000000654
month,2018-09-03 00:00:00,1.3748954,,historical_city_aggregate,1.3959082,-0.021012800000000054
month,2018-09-04 00:00:00,1.359902,,historical_city_aggregate,1.3748954,-0.014993400000000046
month,2018-09-05 00:00:00,1.3451246,,historical_city_aggregate,1.359902,-0.014777400000000052
month,2018-09-06 00:00:00,1.3396773,,historical_city_aggregate,1.3451246,-0.005447299999999933
month,2018-09-07 00:00:00,1.3245921,,historical_city_aggregate,1.3396773,-0.01508519999999991
month,2018-09-10 00:00:00,1.3252716,,historical_city_aggregate,1.3245921,0.000679499999999944
month,2018-09-11 00:00:00,1.2580834,,historical_city_aggregate,1.3252716,-0.06718819999999992
month,2018-09-12 00:00:00,1.3465599,,historical_city_aggregate,1.2580834,0.08847649999999985
month,2018-09-13 00:00:00,1.346976,,historical_city_aggregate,1.3465599,0.00041610000000003033
month,2018-09-14 00:00:00,1.2917708,,historical_city_aggregate,1.346976,-0.05520519999999984
month,2018-09-17 00:00:00,1.3747679,,historical_city_aggregate,1.2917708,0.08299709999999982
month,2018-09-18 00:00:00,1.2558829,,historical_city_aggregate,1.3747679,-0.11888499999999991
month,2018-09-19 00:00:00,1.2451324,,historical_city_aggregate,1.2558829,-0.010750500000000107
month,2018-09-20 00:00:00,1.2425237,,historical_city_aggregate,1.2451324,-0.0026086999999999083
month,2018-09-21 00:00:00,1.2078898,,historical_city_aggregate,1.2425237,-0.034633899999999995
month,2018-09-24 00:00:00,1.3531253,,historical_city_aggregate,1.2078898,0.14523550000000007
month,2018-09-25 00:00:00,1.3612535,,historical_city_aggregate,1.3531253,0.008128199999999808
month,2018-09-26 00:00:00,1.2378285,,historical_city_aggregate,1.3612535,-0.1234249999999999
month,2018-09-27 00:00:00,1.2355716,,historical_city_aggregate,1.2378285,-0.002256899999999895
month,2018-09-28 00:00:00,1.2341393,,historical_city_aggregate,1.2355716,-0.001432300000000053
month,2018-10-01 00:00:00,1.236999,,historical_city_aggregate,1.2341393,0.0028596999999999095
month,2018-10-02 00:00:00,1.1755345,,historical_city_aggregate,1.236999,-0.06146450000000003
month,2018-10-03 00:00:00,1.1707442,,historical_city_aggregate,1.1755345,-0.004790300000000025
month,2018-10-04 00:00:00,1.1726523,,historical_city_aggregate,1.1707442,0.0019081000000000792
month,2018-10-05 00:00:00,1.1799565,,historical_city_aggregate,1.1726523,0.007304200000000094
month,2018-10-08 00:00:00,1.2243891,,historical_city_aggregate,1.1799565,0.04443259999999993
month,2018-10-09 00:00:00,1.0931665,,historical_city_aggregate,1.2243891,-0.13122260000000008
month,2018-10-10 00:00:00,1.0786695,,historical_city_aggregate,1.0931665,-0.014496999999999982
month,2018-10-11 00:00:00,1.0632851,,historical_city_aggregate,1.0786695,-0.015384399999999854
month,2018-10-12 00:00:00,1.0502613,,historical_city_aggregate,1.0632851,-0.01302380000000003
month,2018-10-15 00:00:00,1.0390404,,historical_city_aggregate,1.0502613,-0.01122090000000009
month,2018-10-16 00:00:00,1.0443892,,historical_city_aggregate,1.0390404,0.005348799999999931
month,2018-10-17 00:00:00,1.0539593,,historical_city_aggregate,1.0443892,0.009570100000000137
month,2018-10-18 00:00:00,1.0586145,,historical_city_aggregate,1.0539593,0.0046551999999999705
month,2018-10-19 00:00:00,1.0637302,,historical_city_aggregate,1.0586145,0.005115699999999945
month,2018-10-22 00:00:00,1.0618563,,historical_city_aggregate,1.0637302,-0.0018738999999998729
month,2018-10-23 00:00:00,1.0684919,,historical_city_aggregate,1.0618563,0.006635599999999853
month,2018-10-24 00:00:00,1.0749567,,historical_city_aggregate,1.0684919,0.006464800000000048
month,2018-10-25 00:00:00,1.0745383,,historical_city_aggregate,1.0749567,-0.00041840000000004096
month,2018-10-26 00:00:00,1.0719937,,historical_city_aggregate,1.0745383,-0.002544600000000008
month,2018-10-29 00:00:00,1.0992105,,historical_city_aggregate,1.0719937,0.027216800000000152
month,2018-10-30 00:00:00,1.0989274,,historical_city_aggregate,1.0992105,-0.0002831000000000916
month,2018-10-31 00:00:00,1.1045349,,historical_city_aggregate,1.0989274,0.0056074999999999875
month,2018-11-01 00:00:00,1.09327,,historical_city_aggregate,1.1045349,-0.011264900000000022
month,2018-11-02 00:00:00,1.0869621,,historical_city_aggregate,1.09327,-0.006307899999999922
month,2018-11-05 00:00:00,1.0967898,,historical_city_aggregate,1.0869621,0.009827699999999995
month,2018-11-06 00:00:00,1.1296189,,historical_city_aggregate,1.0967898,0.032829100000000055
month,2018-11-09 00:00:00,1.2955454,,historical_city_aggregate,1.1296189,0.16592649999999987
month,2018-11-12 00:00:00,1.4771599,,historical_city_aggregate,1.2955454,0.1816145
month,2018-11-13 00:00:00,1.9741468,,historical_city_aggregate,1.4771599,0.4969869
month,2018-11-14 00:00:00,1.9587343,,historical_city_aggregate,1.9741468,-0.015412500000000051
month,2018-11-15 00:00:00,1.9970836,,historical_city_aggregate,1.9587343,0.03834930000000014
month,2018-11-16 00:00:00,1.1217982,,historical_city_aggregate,1.9970836,-0.8752854000000001
month,2018-11-19 00:00:00,1.118709,,historical_city_aggregate,1.1217982,-0.003089200000000014
month,2018-11-20 00:00:00,1.945104,,historical_city_aggregate,1.118709,0.826395
month,2018-11-21 00:00:00,1.9725859,,historical_city_aggregate,1.945104,0.027481899999999948
month,2018-11-22 00:00:00,1.9820886,,historical_city_aggregate,1.9725859,0.009502700000000086
month,2018-11-23 00:00:00,1.9951771,,historical_city_aggregate,1.9820886,0.013088500000000058
month,2018-11-26 00:00:00,1.4032129,,historical_city_aggregate,1.9951771,-0.5919642
month,2018-11-27 00:00:00,1.4377614,,historical_city_aggregate,1.4032129,0.03454850000000009
month,2018-11-28 00:00:00,1.4689889,,historical_city_aggregate,1.4377614,0.031227499999999964
month,2018-11-29 00:00:00,1.4944503,,historical_city_aggregate,1.4689889,0.025461399999999967
month,2018-11-30 00:00:00,1.5178636,,historical_city_aggregate,1.4944503,0.02341330000000008
month,2018-12-03 00:00:00,1.7923664,,historical_city_aggregate,1.5178636,0.2745027999999998
month,2018-12-04 00:00:00,1.9206672,,historical_city_aggregate,1.7923664,0.1283008000000001
month,2018-12-05 00:00:00,2.2827532,,historical_city_aggregate,1.9206672,0.36208600000000013
month,2018-12-06 00:00:00,3.274368,,historical_city_aggregate,2.2827532,0.9916147999999998
month,2018-12-07 00:00:00,11.7726261,,historical_city_aggregate,3.274368,8.498258100000001
month,2018-12-10 00:00:00,1.1377257,,historical_city_aggregate,11.7726261,-10.6349004
month,2018-12-11 00:00:00,1.1455103,,historical_city_aggregate,1.1377257,0.007784599999999919
month,2018-12-12 00:00:00,1.1469361,,historical_city_aggregate,1.1455103,0.0014258000000000326
month,2018-12-13 00:00:00,1.148068,,historical_city_aggregate,1.1469361,0.0011319000000000745
month,2018-12-14 00:00:00,1.117599,,historical_city_aggregate,1.148068,-0.03046900000000008
month,2018-12-17 00:00:00,1.1155977,,historical_city_aggregate,1.117599,-0.0020013000000000947
month,2018-12-18 00:00:00,1.116709,,historical_city_aggregate,1.1155977,0.0011113000000000373
month,2018-12-19 00:00:00,1.1482215,,historical_city_aggregate,1.116709,0.031512500000000054
month,2018-12-20 00:00:00,1.2071908,,historical_city_aggregate,1.1482215,0.0589693
month,2018-12-21 00:00:00,1.197654,,historical_city_aggregate,1.2071908,-0.009536800000000012
month,2018-12-24 00:00:00,1.2470698,,historical_city_aggregate,1.197654,0.04941580000000001
month,2018-12-25 00:00:00,1.2671562,,historical_city_aggregate,1.2470698,0.02008640000000006
month,2018-12-26 00:00:00,1.2788649,,historical_city_aggregate,1.2671562,0.011708700000000016
month,2018-12-27 00:00:00,1.2716122,,historical_city_aggregate,1.2788649,-0.007252700000000001
month,2018-12-28 00:00:00,1.288829,,historical_city_aggregate,1.2716122,0.01721679999999992
month,2018-12-31 00:00:00,1.2321153,,historical_city_aggregate,1.288829,-0.05671369999999998
month,2019-01-01 00:00:00,1.2677606,,historical_city_aggregate,1.2321153,0.03564529999999988
month,2019-01-02 00:00:00,1.2919059,,historical_city_aggregate,1.2677606,0.024145300000000036
month,2019-01-03 00:00:00,1.2402429,,historical_city_aggregate,1.2919059,-0.051663000000000014
month,2019-01-04 00:00:00,1.2722384,,historical_city_aggregate,1.2402429,0.031995500000000066
month,2019-01-07 00:00:00,1.2349524,,historical_city_aggregate,1.2722384,-0.03728599999999993
month,2019-01-08 00:00:00,1.2672577,,historical_city_aggregate,1.2349524,0.03230529999999998
month,2019-01-09 00:00:00,1.388145,,historical_city_aggregate,1.2672577,0.12088729999999992
month,2019-01-10 00:00:00,1.2294788,,historical_city_aggregate,1.388145,-0.15866619999999987
month,2019-01-11 00:00:00,1.2657284,,historical_city_aggregate,1.2294788,0.03624959999999988
month,2019-01-14 00:00:00,1.2108647,,historical_city_aggregate,1.2657284,-0.05486370000000007
month,2019-01-15 00:00:00,1.1813688,,historical_city_aggregate,1.2108647,-0.02949589999999991
month,2019-01-16 00:00:00,1.1844239,,historical_city_aggregate,1.1813688,0.0030551000000000883
month,2019-01-17 00:00:00,1.172081,,historical_city_aggregate,1.1844239,-0.012342900000000157
month,2019-01-18 00:00:00,1.185297,,historical_city_aggregate,1.172081,0.013216000000000117
month,2019-01-21 00:00:00,1.1898167,,historical_city_aggregate,1.185297,0.004519699999999904
month,2019-01-22 00:00:00,1.2328126,,historical_city_aggregate,1.1898167,0.042995899999999976
month,2019-01-23 00:00:00,1.2033771,,historical_city_aggregate,1.2328126,-0.029435499999999948
month,2019-01-24 00:00:00,1.2036707,,historical_city_aggregate,1.2033771,0.00029360000000000497
month,2019-01-25 00:00:00,1.1848471,,historical_city_aggregate,1.2036707,-0.01882359999999994
month,2019-01-28 00:00:00,1.2629259,,historical_city_aggregate,1.1848471,0.07807879999999989
month,2019-01-29 00:00:00,1.2841483,,historical_city_aggregate,1.2629259,0.021222400000000086
month,2019-01-30 00:00:00,1.2876973,,historical_city_aggregate,1.2841483,0.0035490000000000244
month,2019-01-31 00:00:00,1.2932697,,historical_city_aggregate,1.2876973,0.005572399999999922
month,2019-02-01 00:00:00,1.3096822,,historical_city_aggregate,1.2932697,0.01641249999999994
month,2019-02-04 00:00:00,1.3919195,,historical_city_aggregate,1.3096822,0.08223730000000007
month,2019-02-05 00:00:00,1.3516532,,historical_city_aggregate,1.3919195,-0.040266299999999866
month,2019-02-06 00:00:00,1.3385486,,historical_city_aggregate,1.3516532,-0.013104600000000133
month,2019-02-07 00:00:00,1.3190037,,historical_city_aggregate,1.3385486,-0.019544900000000087
month,2019-02-08 00:00:00,1.3072884,,historical_city_aggregate,1.3190037,-0.011715299999999873
month,2019-02-11 00:00:00,1.3251951,,historical_city_aggregate,1.3072884,0.017906699999999942
month,2019-02-12 00:00:00,1.3409985,,historical_city_aggregate,1.3251951,0.015803400000000023
month,2019-02-13 00:00:00,1.389585,,historical_city_aggregate,1.3409985,0.04858650000000009
month,2019-02-14 00:00:00,1.3976894,,historical_city_aggregate,1.389585,0.0081043999999999
month,2019-02-15 00:00:00,1.3647132,,historical_city_aggregate,1.3976894,-0.03297620000000001
month,2019-02-18 00:00:00,1.3561547,,historical_city_aggregate,1.3647132,-0.008558499999999913
month,2019-02-19 00:00:00,1.4129868,,historical_city_aggregate,1.3561547,0.05683210000000005
month,2019-02-20 00:00:00,1.4637691,,historical_city_aggregate,1.4129868,0.050782299999999836
month,2019-02-21 00:00:00,1.3635843,,historical_city_aggregate,1.4637691,-0.10018479999999985
month,2019-02-22 00:00:00,1.3521076,,historical_city_aggregate,1.3635843,-0.011476700000000006
month,2019-02-25 00:00:00,1.3835254,,historical_city_aggregate,1.3521076,0.03141779999999983
month,2019-02-26 00:00:00,1.3584976,,historical_city_aggregate,1.3835254,-0.025027799999999933
month,2019-02-27 00:00:00,1.3747884,,historical_city_aggregate,1.3584976,0.01629079999999994
month,2019-02-28 00:00:00,1.3409249,,historical_city_aggregate,1.3747884,-0.033863499999999824
month,2019-03-01 00:00:00,1.2665852,,historical_city_aggregate,1.3409249,-0.07433970000000012
month,2019-03-04 00:00:00,1.2775472,,historical_city_aggregate,1.2665852,0.010962000000000138
month,2019-03-05 00:00:00,1.3929334,,historical_city_aggregate,1.2775472,0.11538619999999988
month,2019-03-06 00:00:00,1.3954474,,historical_city_aggregate,1.3929334,0.002513999999999905
month,2019-03-07 00:00:00,1.4106358,,historical_city_aggregate,1.3954474,0.015188400000000213
month,2019-03-08 00:00:00,1.4135928,,historical_city_aggregate,1.4106358,0.0029569999999998764
month,2019-03-11 00:00:00,1.5234886,,historical_city_aggregate,1.4135928,0.1098958000000001
month,2019-03-12 00:00:00,1.4451053,,historical_city_aggregate,1.5234886,-0.07838330000000004
month,2019-03-13 00:00:00,1.4794529,,historical_city_aggregate,1.4451053,0.034347600000000034
month,2019-03-14 00:00:00,1.4908673,,historical_city_aggregate,1.4794529,0.011414399999999825
month,2019-03-15 00:00:00,1.4215213,,historical_city_aggregate,1.4908673,-0.06934599999999991
month,2019-03-18 00:00:00,1.6882003,,historical_city_aggregate,1.4215213,0.2666790000000001
month,2019-03-19 00:00:00,1.6993222,,historical_city_aggregate,1.6882003,0.011121899999999796
month,2019-03-20 00:00:00,1.6640317,,historical_city_aggregate,1.6993222,-0.03529049999999989
month,2019-03-21 00:00:00,1.6309045,,historical_city_aggregate,1.6640317,-0.03312720000000002
month,2019-03-22 00:00:00,1.6060249,,historical_city_aggregate,1.6309045,-0.0248796
month,2019-03-25 00:00:00,1.5830079,,historical_city_aggregate,1.6060249,-0.023017000000000065
month,2019-03-26 00:00:00,1.5852825,,historical_city_aggregate,1.5830079,0.0022746000000000155
month,2019-03-27 00:00:00,1.6110979,,historical_city_aggregate,1.5852825,0.025815400000000155
month,2019-03-28 00:00:00,1.6217332,,historical_city_aggregate,1.6110979,0.010635299999999903
month,2019-03-29 00:00:00,1.6514791,,historical_city_aggregate,1.6217332,0.029745899999999992
month,2019-04-01 00:00:00,1.6906255,,historical_city_aggregate,1.6514791,0.039146399999999915
month,2019-04-02 00:00:00,1.6118075,,historical_city_aggregate,1.6906255,-0.07881799999999983
month,2019-04-03 00:00:00,1.14336,,historical_city_aggregate,1.6118075,-0.4684475000000001
month,2019-04-04 00:00:00,1.1352081,,historical_city_aggregate,1.14336,-0.008151899999999879
month,2019-04-05 00:00:00,1.1414138,,historical_city_aggregate,1.1352081,0.006205699999999981
month,2019-04-08 00:00:00,1.1344339,,historical_city_aggregate,1.1414138,-0.006979899999999928
month,2019-04-09 00:00:00,1.6306771,,historical_city_aggregate,1.1344339,0.4962431999999999
month,2019-04-10 00:00:00,1.6066005,,historical_city_aggregate,1.6306771,-0.024076599999999893
month,2019-04-11 00:00:00,1.6454669,,historical_city_aggregate,1.6066005,0.03886639999999986
month,2019-04-12 00:00:00,1.6799421,,historical_city_aggregate,1.6454669,0.03447520000000015
month,2026-03-25 00:00:00,1.0745388950516823,18,derived_current_city_aggregate,1.6799421,-0.6054032049483178
month,2026-03-31 00:00:00,1.0745388950516823,18,derived_current_city_aggregate,1.0745388950516823,0.0
month,2026-04-07 00:00:00,1.0826608132407851,18,derived_current_city_aggregate,1.0745388950516823,0.008121918189102795
month,2026-04-10 00:00:00,1.0822599409529048,18,derived_current_city_aggregate,1.0826608132407851,-0.00040087228788032725
month,2026-05-16 00:00:00,1.0005096912544862,17,derived_current_city_aggregate,1.0822599409529048,-0.0817502496984186
quarter,2016-01-15 00:00:00,1.465786,,historical_city_aggregate,,
quarter,2016-01-18 00:00:00,1.4566474,,historical_city_aggregate,1.465786,-0.009138599999999997
quarter,2016-01-19 00:00:00,1.452331,,historical_city_aggregate,1.4566474,-0.004316399999999998
quarter,2016-01-20 00:00:00,1.448937,,historical_city_aggregate,1.452331,-0.003394000000000119
quarter,2016-01-21 00:00:00,1.2764719,,historical_city_aggregate,1.448937,-0.17246509999999993
quarter,2016-01-22 00:00:00,1.277258,,historical_city_aggregate,1.2764719,0.0007861000000000118
quarter,2016-01-25 00:00:00,1.3418365,,historical_city_aggregate,1.277258,0.0645785000000001
quarter,2016-01-26 00:00:00,1.335399,,historical_city_aggregate,1.3418365,-0.006437500000000096
quarter,2016-01-27 00:00:00,1.3445144,,historical_city_aggregate,1.335399,0.009115399999999996
quarter,2016-01-28 00:00:00,1.3632851,,historical_city_aggregate,1.3445144,0.018770699999999918
quarter,2016-01-29 00:00:00,1.362369,,historical_city_aggregate,1.3632851,-0.0009160999999999753
quarter,2016-02-01 00:00:00,1.3566931,,historical_city_aggregate,1.362369,-0.005675899999999956
quarter,2016-02-02 00:00:00,1.3388069,,historical_city_aggregate,1.3566931,-0.017886199999999963
quarter,2016-02-03 00:00:00,1.3367772,,historical_city_aggregate,1.3388069,-0.002029700000000023
quarter,2016-02-04 00:00:00,1.3554187,,historical_city_aggregate,1.3367772,0.018641499999999978
quarter,2016-02-05 00:00:00,1.3513738,,historical_city_aggregate,1.3554187,-0.004044900000000018
quarter,2016-02-08 00:00:00,1.3463184,,historical_city_aggregate,1.3513738,-0.005055400000000043
quarter,2016-02-09 00:00:00,1.3426457,,historical_city_aggregate,1.3463184,-0.003672699999999862
quarter,2016-02-10 00:00:00,1.3224239,,historical_city_aggregate,1.3426457,-0.020221800000000067
quarter,2016-02-11 00:00:00,1.3237742,,historical_city_aggregate,1.3224239,0.0013502999999999155
quarter,2016-02-12 00:00:00,1.3222473,,historical_city_aggregate,1.3237742,-0.0015268999999999977
quarter,2016-02-15 00:00:00,1.3202813,,historical_city_aggregate,1.3222473,-0.0019659999999999123
quarter,2016-02-16 00:00:00,1.3193975,,historical_city_aggregate,1.3202813,-0.0008837999999999901
quarter,2016-02-17 00:00:00,1.318894,,historical_city_aggregate,1.3193975,-0.0005034999999999901
quarter,2016-02-18 00:00:00,1.31008,,historical_city_aggregate,1.318894,-0.0088140000000001
quarter,2016-02-19 00:00:00,1.3134489,,historical_city_aggregate,1.31008,0.003368900000000119
quarter,2016-02-22 00:00:00,1.3329136,,historical_city_aggregate,1.3134489,0.01946469999999989
quarter,2016-02-23 00:00:00,1.3158443,,historical_city_aggregate,1.3329136,-0.017069299999999954
quarter,2016-02-24 00:00:00,1.3205128,,historical_city_aggregate,1.3158443,0.004668499999999964
quarter,2016-02-25 00:00:00,1.3181241,,historical_city_aggregate,1.3205128,-0.0023887000000000214
quarter,2016-02-26 00:00:00,1.3164989,,historical_city_aggregate,1.3181241,-0.0016251999999998823
quarter,2016-02-29 00:00:00,1.3275283,,historical_city_aggregate,1.3164989,0.011029399999999967
quarter,2016-03-01 00:00:00,1.3399816,,historical_city_aggregate,1.3275283,0.0124533
quarter,2016-03-02 00:00:00,1.3407243,,historical_city_aggregate,1.3399816,0.000742699999999985
quarter,2016-03-03 00:00:00,1.2983215,,historical_city_aggregate,1.3407243,-0.042402800000000074
quarter,2016-03-04 00:00:00,1.2960779,,historical_city_aggregate,1.2983215,-0.0022435999999999012
quarter,2016-03-07 00:00:00,1.3145674,,historical_city_aggregate,1.2960779,0.018489500000000048
quarter,2016-03-08 00:00:00,1.3183332,,historical_city_aggregate,1.3145674,0.0037658000000000413
quarter,2016-03-09 00:00:00,1.3414896,,historical_city_aggregate,1.3183332,0.023156399999999966
quarter,2016-03-10 00:00:00,1.3581821,,historical_city_aggregate,1.3414896,0.0166925
quarter,2016-03-11 00:00:00,1.3783881,,historical_city_aggregate,1.3581821,0.020205999999999946
quarter,2016-03-14 00:00:00,1.3797584,,historical_city_aggregate,1.3783881,0.0013703000000000465
quarter,2016-03-15 00:00:00,1.398924,,historical_city_aggregate,1.3797584,0.019165600000000005
quarter,2016-03-16 00:00:00,1.4047459,,historical_city_aggregate,1.398924,0.0058218999999999355
quarter,2016-03-17 00:00:00,1.4048979,,historical_city_aggregate,1.4047459,0.00015199999999992997
quarter,2016-03-18 00:00:00,1.4001987,,historical_city_aggregate,1.4048979,-0.0046991999999999035
quarter,2016-03-21 00:00:00,1.4187817,,historical_city_aggregate,1.4001987,0.018583000000000016
quarter,2016-03-22 00:00:00,1.4087056,,historical_city_aggregate,1.4187817,-0.010076100000000032
quarter,2016-03-23 00:00:00,1.4051516,,historical_city_aggregate,1.4087056,-0.003554000000000057
quarter,2016-03-24 00:00:00,1.4074608,,historical_city_aggregate,1.4051516,0.0023092000000000112
quarter,2016-03-25 00:00:00,1.4064841,,historical_city_aggregate,1.4074608,-0.0009767000000000525
quarter,2016-03-28 00:00:00,1.4152073,,historical_city_aggregate,1.4064841,0.008723200000000153
quarter,2016-03-29 00:00:00,1.3564712,,historical_city_aggregate,1.4152073,-0.05873609999999996
quarter,2016-03-30 00:00:00,1.3532285,,historical_city_aggregate,1.3564712,-0.003242700000000154
quarter,2016-03-31 00:00:00,1.376567,,historical_city_aggregate,1.3532285,0.02333850000000015
quarter,2016-04-01 00:00:00,1.3786253,,historical_city_aggregate,1.376567,0.0020582999999998464
quarter,2016-04-04 00:00:00,1.3872855,,historical_city_aggregate,1.3786253,0.008660200000000007
quarter,2016-04-05 00:00:00,1.3854412,,historical_city_aggregate,1.3872855,-0.00184429999999991
quarter,2016-04-06 00:00:00,1.3869271,,historical_city_aggregate,1.3854412,0.00148590000000004
quarter,2016-04-07 00:00:00,1.3832776,,historical_city_aggregate,1.3869271,-0.0036495000000000832
quarter,2016-04-08 00:00:00,1.4081588,,historical_city_aggregate,1.3832776,0.024881200000000048
quarter,2016-04-11 00:00:00,1.4280276,,historical_city_aggregate,1.4081588,0.01986880000000002
quarter,2016-04-12 00:00:00,1.4310342,,historical_city_aggregate,1.4280276,0.0030065999999999704
quarter,2016-04-13 00:00:00,1.4423999,,historical_city_aggregate,1.4310342,0.011365700000000034
quarter,2016-04-14 00:00:00,1.4468765,,historical_city_aggregate,1.4423999,0.004476599999999831
quarter,2016-04-15 00:00:00,1.4834883,,historical_city_aggregate,1.4468765,0.036611800000000194
quarter,2016-04-18 00:00:00,1.4752774,,historical_city_aggregate,1.4834883,-0.008210900000000132
quarter,2016-04-19 00:00:00,1.4712217,,historical_city_aggregate,1.4752774,-0.004055699999999884
quarter,2016-04-20 00:00:00,1.4702837,,historical_city_aggregate,1.4712217,-0.0009380000000001054
quarter,2016-04-21 00:00:00,1.4672262,,historical_city_aggregate,1.4702837,-0.0030574999999999353
quarter,2016-04-22 00:00:00,1.4596252,,historical_city_aggregate,1.4672262,-0.007600999999999969
quarter,2016-04-25 00:00:00,1.4359806,,historical_city_aggregate,1.4596252,-0.023644600000000127
quarter,2016-04-26 00:00:00,1.4330188,,historical_city_aggregate,1.4359806,-0.0029618000000000144
quarter,2016-04-27 00:00:00,1.4271731,,historical_city_aggregate,1.4330188,-0.005845699999999843
quarter,2016-04-28 00:00:00,1.4565188,,historical_city_aggregate,1.4271731,0.02934569999999992
quarter,2016-04-29 00:00:00,1.4289685,,historical_city_aggregate,1.4565188,-0.027550299999999917
quarter,2016-05-02 00:00:00,1.425886,,historical_city_aggregate,1.4289685,-0.003082500000000099
quarter,2016-05-03 00:00:00,1.4303513,,historical_city_aggregate,1.425886,0.004465300000000116
quarter,2016-05-04 00:00:00,1.4283404,,historical_city_aggregate,1.4303513,-0.0020109000000001487
quarter,2016-05-05 00:00:00,1.4854316,,historical_city_aggregate,1.4283404,0.05709120000000012
quarter,2016-05-06 00:00:00,1.4837218,,historical_city_aggregate,1.4854316,-0.0017097999999999836
quarter,2016-05-09 00:00:00,1.4845129,,historical_city_aggregate,1.4837218,0.0007910999999998225
quarter,2016-05-10 00:00:00,1.4372613,,historical_city_aggregate,1.4845129,-0.04725159999999984
quarter,2016-05-11 00:00:00,1.4348941,,historical_city_aggregate,1.4372613,-0.0023672000000001248
quarter,2016-05-12 00:00:00,1.435195,,historical_city_aggregate,1.4348941,0.00030090000000004835
quarter,2016-05-13 00:00:00,1.4337768,,historical_city_aggregate,1.435195,-0.001418200000000036
quarter,2016-05-16 00:00:00,1.5275572,,historical_city_aggregate,1.4337768,0.09378039999999999
quarter,2016-05-17 00:00:00,1.5254627,,historical_city_aggregate,1.5275572,-0.002094499999999888
quarter,2016-05-18 00:00:00,1.5266619,,historical_city_aggregate,1.5254627,0.0011991999999998448
quarter,2016-05-19 00:00:00,1.5380806,,historical_city_aggregate,1.5266619,0.011418700000000115
quarter,2016-05-20 00:00:00,1.5339539,,historical_city_aggregate,1.5380806,-0.004126700000000039
quarter,2016-05-23 00:00:00,1.6410592,,historical_city_aggregate,1.5339539,0.10710529999999996
quarter,2016-05-24 00:00:00,1.5467959,,historical_city_aggregate,1.6410592,-0.09426329999999994
quarter,2016-05-25 00:00:00,1.5405484,,historical_city_aggregate,1.5467959,-0.006247499999999961
quarter,2016-05-26 00:00:00,1.5380313,,historical_city_aggregate,1.5405484,-0.002517099999999939
quarter,2016-05-27 00:00:00,1.5426828,,historical_city_aggregate,1.5380313,0.0046514999999998086
quarter,2016-05-30 00:00:00,1.5432389,,historical_city_aggregate,1.5426828,0.0005561000000000593
quarter,2016-05-31 00:00:00,1.5458589,,historical_city_aggregate,1.5432389,0.0026200000000000667
quarter,2016-06-01 00:00:00,1.4532513,,historical_city_aggregate,1.5458589,-0.09260760000000001
quarter,2016-06-02 00:00:00,1.4528804,,historical_city_aggregate,1.4532513,-0.00037090000000006285
quarter,2016-06-03 00:00:00,1.4479058,,historical_city_aggregate,1.4528804,-0.00497459999999994
quarter,2016-06-06 00:00:00,1.4368348,,historical_city_aggregate,1.4479058,-0.011071000000000053
quarter,2016-06-07 00:00:00,1.3954319,,historical_city_aggregate,1.4368348,-0.04140290000000002
quarter,2016-06-08 00:00:00,1.3859366,,historical_city_aggregate,1.3954319,-0.009495299999999984
quarter,2016-06-09 00:00:00,1.4037787,,historical_city_aggregate,1.3859366,0.017842099999999972
quarter,2016-06-10 00:00:00,1.3707258,,historical_city_aggregate,1.4037787,-0.03305289999999994
quarter,2016-06-13 00:00:00,1.3746092,,historical_city_aggregate,1.3707258,0.0038834000000000923
quarter,2016-06-14 00:00:00,1.3662056,,historical_city_aggregate,1.3746092,-0.008403600000000067
quarter,2016-06-15 00:00:00,1.3369045,,historical_city_aggregate,1.3662056,-0.02930110000000008
quarter,2016-06-16 00:00:00,1.3318329,,historical_city_aggregate,1.3369045,-0.005071599999999954
quarter,2016-06-17 00:00:00,1.3090503,,historical_city_aggregate,1.3318329,-0.022782599999999986
quarter,2016-06-20 00:00:00,1.3046959,,historical_city_aggregate,1.3090503,-0.0043543999999999805
quarter,2016-06-21 00:00:00,1.2699484,,historical_city_aggregate,1.3046959,-0.03474749999999993
quarter,2016-06-22 00:00:00,1.2686609,,historical_city_aggregate,1.2699484,-0.001287500000000108
quarter,2016-06-23 00:00:00,1.2937767,,historical_city_aggregate,1.2686609,0.02511580000000002
quarter,2016-06-24 00:00:00,1.275161,,historical_city_aggregate,1.2937767,-0.018615700000000013
quarter,2016-06-27 00:00:00,1.2807891,,historical_city_aggregate,1.275161,0.005628100000000025
quarter,2016-06-28 00:00:00,1.2654407,,historical_city_aggregate,1.2807891,-0.015348399999999929
quarter,2016-06-29 00:00:00,1.2621649,,historical_city_aggregate,1.2654407,-0.003275800000000162
quarter,2016-06-30 00:00:00,1.2813257,,historical_city_aggregate,1.2621649,0.01916080000000009
quarter,2016-07-01 00:00:00,1.2779182,,historical_city_aggregate,1.2813257,-0.0034075000000000077
quarter,2016-07-04 00:00:00,1.287005,,historical_city_aggregate,1.2779182,0.00908679999999995
quarter,2016-07-05 00:00:00,1.284071,,historical_city_aggregate,1.287005,-0.002933999999999992
quarter,2016-07-06 00:00:00,1.2834496,,historical_city_aggregate,1.284071,-0.0006213999999999942
quarter,2016-07-07 00:00:00,1.2841612,,historical_city_aggregate,1.2834496,0.0007116000000000344
quarter,2016-07-08 00:00:00,1.2845465,,historical_city_aggregate,1.2841612,0.00038530000000003284
quarter,2016-07-11 00:00:00,1.282202,,historical_city_aggregate,1.2845465,-0.0023444999999999716
quarter,2016-07-12 00:00:00,1.2707024,,historical_city_aggregate,1.282202,-0.011499600000000054
quarter,2016-07-13 00:00:00,1.2690935,,historical_city_aggregate,1.2707024,-0.0016088999999999132
quarter,2016-07-14 00:00:00,1.2635407,,historical_city_aggregate,1.2690935,-0.005552800000000024
quarter,2016-07-15 00:00:00,1.2589052,,historical_city_aggregate,1.2635407,-0.004635500000000015
quarter,2016-07-18 00:00:00,1.2544569,,historical_city_aggregate,1.2589052,-0.004448299999999961
quarter,2016-07-19 00:00:00,1.254436,,historical_city_aggregate,1.2544569,-2.089999999999037e-05
quarter,2016-07-20 00:00:00,1.2575239,,historical_city_aggregate,1.254436,0.0030878999999999213
quarter,2016-07-21 00:00:00,1.2746037,,historical_city_aggregate,1.2575239,0.017079799999999867
quarter,2016-07-22 00:00:00,1.2672246,,historical_city_aggregate,1.2746037,-0.007379099999999861
quarter,2016-07-25 00:00:00,1.2790129,,historical_city_aggregate,1.2672246,0.011788299999999863
quarter,2016-07-26 00:00:00,1.2768167,,historical_city_aggregate,1.2790129,-0.0021961999999999815
quarter,2016-07-27 00:00:00,1.2824311,,historical_city_aggregate,1.2768167,0.005614400000000019
quarter,2016-07-28 00:00:00,1.2768926,,historical_city_aggregate,1.2824311,-0.005538499999999891
quarter,2016-07-29 00:00:00,1.3021429,,historical_city_aggregate,1.2768926,0.025250299999999948
quarter,2016-08-01 00:00:00,1.318917,,historical_city_aggregate,1.3021429,0.016774099999999903
quarter,2016-08-02 00:00:00,1.3265458,,historical_city_aggregate,1.318917,0.007628800000000213
quarter,2016-08-03 00:00:00,1.3258518,,historical_city_aggregate,1.3265458,-0.0006940000000001945
quarter,2016-08-04 00:00:00,1.3244441,,historical_city_aggregate,1.3258518,-0.0014076999999999007
quarter,2016-08-05 00:00:00,1.3158965,,historical_city_aggregate,1.3244441,-0.008547599999999989
quarter,2016-08-08 00:00:00,1.3137645,,historical_city_aggregate,1.3158965,-0.0021320000000000228
quarter,2016-08-09 00:00:00,1.3098384,,historical_city_aggregate,1.3137645,-0.003926099999999932
quarter,2016-08-10 00:00:00,1.307111,,historical_city_aggregate,1.3098384,-0.0027274000000001575
quarter,2016-08-11 00:00:00,1.2992887,,historical_city_aggregate,1.307111,-0.007822299999999949
quarter,2016-08-12 00:00:00,1.3047217,,historical_city_aggregate,1.2992887,0.005433000000000021
quarter,2016-08-15 00:00:00,1.2923817,,historical_city_aggregate,1.3047217,-0.012340000000000018
quarter,2016-08-16 00:00:00,1.3255893,,historical_city_aggregate,1.2923817,0.033207600000000115
quarter,2016-08-17 00:00:00,1.3253084,,historical_city_aggregate,1.3255893,-0.00028090000000013937
quarter,2016-08-18 00:00:00,1.3238698,,historical_city_aggregate,1.3253084,-0.0014385999999999566
quarter,2016-08-19 00:00:00,1.3190485,,historical_city_aggregate,1.3238698,-0.004821299999999917
quarter,2016-08-22 00:00:00,1.359529,,historical_city_aggregate,1.3190485,0.04048049999999992
quarter,2016-08-23 00:00:00,1.30554,,historical_city_aggregate,1.359529,-0.053989000000000065
quarter,2016-08-24 00:00:00,1.3057535,,historical_city_aggregate,1.30554,0.00021350000000008862
quarter,2016-08-25 00:00:00,1.3018076,,historical_city_aggregate,1.3057535,-0.003945899999999947
quarter,2016-08-26 00:00:00,1.3005073,,historical_city_aggregate,1.3018076,-0.001300300000000032
quarter,2016-08-29 00:00:00,1.2984587,,historical_city_aggregate,1.3005073,-0.002048599999999956
quarter,2016-08-30 00:00:00,1.2822641,,historical_city_aggregate,1.2984587,-0.01619460000000017
quarter,2016-08-31 00:00:00,1.2895861,,historical_city_aggregate,1.2822641,0.007322000000000051
quarter,2016-09-01 00:00:00,1.2884334,,historical_city_aggregate,1.2895861,-0.0011527000000000065
quarter,2016-09-02 00:00:00,1.2876576,,historical_city_aggregate,1.2884334,-0.0007757999999999932
quarter,2016-09-05 00:00:00,1.3150103,,historical_city_aggregate,1.2876576,0.027352700000000008
quarter,2016-09-06 00:00:00,1.3209656,,historical_city_aggregate,1.3150103,0.005955300000000108
quarter,2016-09-07 00:00:00,1.3206834,,historical_city_aggregate,1.3209656,-0.0002822000000000102
quarter,2016-09-08 00:00:00,1.3271164,,historical_city_aggregate,1.3206834,0.006432999999999911
quarter,2016-09-09 00:00:00,1.3292157,,historical_city_aggregate,1.3271164,0.002099300000000026
quarter,2016-09-12 00:00:00,1.3229639,,historical_city_aggregate,1.3292157,-0.0062518000000000296
quarter,2016-09-13 00:00:00,1.3249018,,historical_city_aggregate,1.3229639,0.001937899999999937
quarter,2016-09-14 00:00:00,1.3077711,,historical_city_aggregate,1.3249018,-0.017130699999999832
quarter,2016-09-15 00:00:00,1.3121194,,historical_city_aggregate,1.3077711,0.004348299999999972
quarter,2016-09-16 00:00:00,1.3370765,,historical_city_aggregate,1.3121194,0.024957099999999954
quarter,2016-09-19 00:00:00,1.3656621,,historical_city_aggregate,1.3370765,0.02858559999999999
quarter,2016-09-20 00:00:00,1.364478,,historical_city_aggregate,1.3656621,-0.0011840999999999102
quarter,2016-09-21 00:00:00,1.3747245,,historical_city_aggregate,1.364478,0.010246499999999825
quarter,2016-09-22 00:00:00,1.3744602,,historical_city_aggregate,1.3747245,-0.0002642999999999951
quarter,2016-09-23 00:00:00,1.3704388,,historical_city_aggregate,1.3744602,-0.004021399999999842
quarter,2016-09-26 00:00:00,1.4077281,,historical_city_aggregate,1.3704388,0.03728929999999986
quarter,2016-09-27 00:00:00,1.4088365,,historical_city_aggregate,1.4077281,0.0011084000000001204
quarter,2016-09-28 00:00:00,1.3434484,,historical_city_aggregate,1.4088365,-0.06538810000000006
quarter,2016-09-29 00:00:00,1.3494937,,historical_city_aggregate,1.3434484,0.006045300000000031
quarter,2016-09-30 00:00:00,1.3408651,,historical_city_aggregate,1.3494937,-0.008628599999999986
quarter,2016-10-03 00:00:00,1.3273182,,historical_city_aggregate,1.3408651,-0.01354690000000014
quarter,2016-10-04 00:00:00,1.3177328,,historical_city_aggregate,1.3273182,-0.009585399999999966
quarter,2016-10-05 00:00:00,1.3172843,,historical_city_aggregate,1.3177328,-0.0004484999999998518
quarter,2016-10-06 00:00:00,1.3163225,,historical_city_aggregate,1.3172843,-0.0009618000000000126
quarter,2016-10-07 00:00:00,1.3181888,,historical_city_aggregate,1.3163225,0.0018662999999998764
quarter,2016-10-10 00:00:00,1.2897361,,historical_city_aggregate,1.3181888,-0.028452699999999886
quarter,2016-10-11 00:00:00,1.2894811,,historical_city_aggregate,1.2897361,-0.00025500000000011624
quarter,2016-10-12 00:00:00,1.2684191,,historical_city_aggregate,1.2894811,-0.021061999999999914
quarter,2016-10-13 00:00:00,1.2664398,,historical_city_aggregate,1.2684191,-0.001979300000000128
quarter,2016-10-14 00:00:00,1.2658394,,historical_city_aggregate,1.2664398,-0.0006003999999999454
quarter,2016-10-17 00:00:00,1.2860291,,historical_city_aggregate,1.2658394,0.020189699999999977
quarter,2016-10-18 00:00:00,1.2883477,,historical_city_aggregate,1.2860291,0.0023186000000001705
quarter,2016-10-19 00:00:00,1.2863543,,historical_city_aggregate,1.2883477,-0.001993400000000145
quarter,2016-10-20 00:00:00,1.2788547,,historical_city_aggregate,1.2863543,-0.007499600000000051
quarter,2016-10-21 00:00:00,1.2722047,,historical_city_aggregate,1.2788547,-0.006649999999999823
quarter,2016-10-24 00:00:00,1.290855,,historical_city_aggregate,1.2722047,0.01865030000000001
quarter,2016-10-25 00:00:00,1.275592,,historical_city_aggregate,1.290855,-0.015263000000000027
quarter,2016-10-26 00:00:00,1.2656799,,historical_city_aggregate,1.275592,-0.00991209999999998
quarter,2016-10-27 00:00:00,1.2631668,,historical_city_aggregate,1.2656799,-0.002513100000000046
quarter,2016-10-28 00:00:00,1.244492,,historical_city_aggregate,1.2631668,-0.018674800000000102
quarter,2016-10-31 00:00:00,1.2431407,,historical_city_aggregate,1.244492,-0.0013512999999998332
quarter,2016-11-01 00:00:00,1.2367733,,historical_city_aggregate,1.2431407,-0.006367400000000023
quarter,2016-11-02 00:00:00,1.2333431,,historical_city_aggregate,1.2367733,-0.003430200000000161
quarter,2016-11-03 00:00:00,1.232699,,historical_city_aggregate,1.2333431,-0.0006440999999999253
quarter,2016-11-04 00:00:00,1.2355094,,historical_city_aggregate,1.232699,0.0028103999999999907
quarter,2016-11-07 00:00:00,1.2388413,,historical_city_aggregate,1.2355094,0.0033319000000000543
quarter,2016-11-08 00:00:00,1.2224626,,historical_city_aggregate,1.2388413,-0.01637869999999997
quarter,2016-11-09 00:00:00,1.2239263,,historical_city_aggregate,1.2224626,0.0014636999999999567
quarter,2016-11-10 00:00:00,1.2190558,,historical_city_aggregate,1.2239263,-0.0048705
quarter,2016-11-11 00:00:00,1.2203222,,historical_city_aggregate,1.2190558,0.0012664000000000009
quarter,2016-11-14 00:00:00,1.2106307,,historical_city_aggregate,1.2203222,-0.009691499999999964
quarter,2016-11-15 00:00:00,1.2011225,,historical_city_aggregate,1.2106307,-0.009508199999999967
quarter,2016-11-16 00:00:00,1.2042833,,historical_city_aggregate,1.2011225,0.0031607999999998526
quarter,2016-11-17 00:00:00,1.1995835,,historical_city_aggregate,1.2042833,-0.004699800000000032
quarter,2016-11-18 00:00:00,1.1987452,,historical_city_aggregate,1.1995835,-0.0008382999999998475
quarter,2016-11-21 00:00:00,1.2088787,,historical_city_aggregate,1.1987452,0.010133500000000017
quarter,2016-11-22 00:00:00,1.2183485,,historical_city_aggregate,1.2088787,0.009469799999999973
quarter,2016-11-23 00:00:00,1.2185061,,historical_city_aggregate,1.2183485,0.00015759999999986896
quarter,2016-11-24 00:00:00,1.2160501,,historical_city_aggregate,1.2185061,-0.0024560000000000137
quarter,2016-11-25 00:00:00,1.2176211,,historical_city_aggregate,1.2160501,0.001570999999999989
quarter,2016-11-28 00:00:00,1.2433911,,historical_city_aggregate,1.2176211,0.02577000000000007
quarter,2016-11-29 00:00:00,1.2488544,,historical_city_aggregate,1.2433911,0.005463299999999949
quarter,2016-11-30 00:00:00,1.2452617,,historical_city_aggregate,1.2488544,-0.0035927000000000042
quarter,2016-12-01 00:00:00,1.2385395,,historical_city_aggregate,1.2452617,-0.0067222000000000115
quarter,2016-12-02 00:00:00,1.2347329,,historical_city_aggregate,1.2385395,-0.0038065999999998823
quarter,2016-12-05 00:00:00,1.2288317,,historical_city_aggregate,1.2347329,-0.005901200000000051
quarter,2016-12-06 00:00:00,1.2191597,,historical_city_aggregate,1.2288317,-0.009671999999999903
quarter,2016-12-07 00:00:00,1.214991,,historical_city_aggregate,1.2191597,-0.004168700000000136
quarter,2016-12-08 00:00:00,1.2244714,,historical_city_aggregate,1.214991,0.009480400000000166
quarter,2016-12-09 00:00:00,1.2281248,,historical_city_aggregate,1.2244714,0.003653399999999918
quarter,2016-12-12 00:00:00,1.2281627,,historical_city_aggregate,1.2281248,3.7899999999924106e-05
quarter,2016-12-13 00:00:00,1.2254598,,historical_city_aggregate,1.2281627,-0.0027028999999998415
quarter,2016-12-14 00:00:00,1.2103929,,historical_city_aggregate,1.2254598,-0.015066900000000105
quarter,2016-12-15 00:00:00,1.2090762,,historical_city_aggregate,1.2103929,-0.0013167000000000595
quarter,2016-12-16 00:00:00,1.2120369,,historical_city_aggregate,1.2090762,0.0029607000000000383
quarter,2016-12-19 00:00:00,1.2244481,,historical_city_aggregate,1.2120369,0.012411200000000067
quarter,2016-12-20 00:00:00,1.2237523,,historical_city_aggregate,1.2244481,-0.0006958000000001352
quarter,2016-12-21 00:00:00,1.2204828,,historical_city_aggregate,1.2237523,-0.0032694999999998142
quarter,2016-12-22 00:00:00,1.2125318,,historical_city_aggregate,1.2204828,-0.007951000000000041
quarter,2016-12-23 00:00:00,1.2086178,,historical_city_aggregate,1.2125318,-0.003913999999999973
quarter,2016-12-26 00:00:00,1.2208135,,historical_city_aggregate,1.2086178,0.01219569999999992
quarter,2016-12-27 00:00:00,1.2207584,,historical_city_aggregate,1.2208135,-5.5099999999974614e-05
quarter,2016-12-28 00:00:00,1.2262517,,historical_city_aggregate,1.2207584,0.005493299999999923
quarter,2016-12-29 00:00:00,1.2133955,,historical_city_aggregate,1.2262517,-0.012856199999999873
quarter,2016-12-30 00:00:00,1.2102583,,historical_city_aggregate,1.2133955,-0.003137200000000062
quarter,2017-01-02 00:00:00,1.2123272,,historical_city_aggregate,1.2102583,0.00206890000000004
quarter,2017-01-03 00:00:00,1.2139473,,historical_city_aggregate,1.2123272,0.0016201000000000132
quarter,2017-01-04 00:00:00,1.2071814,,historical_city_aggregate,1.2139473,-0.006765899999999991
quarter,2017-01-05 00:00:00,1.2060663,,historical_city_aggregate,1.2071814,-0.0011151000000000355
quarter,2017-01-06 00:00:00,1.2089853,,historical_city_aggregate,1.2060663,0.002918999999999894
quarter,2017-01-09 00:00:00,1.230754,,historical_city_aggregate,1.2089853,0.021768699999999974
quarter,2017-01-10 00:00:00,1.2336664,,historical_city_aggregate,1.230754,0.002912400000000037
quarter,2017-01-11 00:00:00,1.230809,,historical_city_aggregate,1.2336664,-0.002857399999999899
quarter,2017-01-12 00:00:00,1.2313548,,historical_city_aggregate,1.230809,0.0005458000000000407
quarter,2017-01-13 00:00:00,1.2459197,,historical_city_aggregate,1.2313548,0.01456489999999988
quarter,2017-01-16 00:00:00,1.2432378,,historical_city_aggregate,1.2459197,-0.002681900000000015
quarter,2017-01-17 00:00:00,1.2415856,,historical_city_aggregate,1.2432378,-0.0016521999999998815
quarter,2017-01-18 00:00:00,1.2345845,,historical_city_aggregate,1.2415856,-0.007001100000000093
quarter,2017-01-19 00:00:00,1.2406879,,historical_city_aggregate,1.2345845,0.006103399999999981
quarter,2017-01-20 00:00:00,1.2395835,,historical_city_aggregate,1.2406879,-0.0011044000000000054
quarter,2017-01-23 00:00:00,1.2432439,,historical_city_aggregate,1.2395835,0.003660400000000008
quarter,2017-01-24 00:00:00,1.2673419,,historical_city_aggregate,1.2432439,0.024097999999999953
quarter,2017-01-25 00:00:00,1.2600352,,historical_city_aggregate,1.2673419,-0.007306699999999999
quarter,2017-01-26 00:00:00,1.2595293,,historical_city_aggregate,1.2600352,-0.000505899999999837
quarter,2017-01-27 00:00:00,1.2617056,,historical_city_aggregate,1.2595293,0.002176299999999909
quarter,2017-01-30 00:00:00,1.3050912,,historical_city_aggregate,1.2617056,0.04338559999999991
quarter,2017-01-31 00:00:00,1.3068396,,historical_city_aggregate,1.3050912,0.0017484000000000943
quarter,2017-02-01 00:00:00,1.3008076,,historical_city_aggregate,1.3068396,-0.006032000000000037
quarter,2017-02-02 00:00:00,1.2999045,,historical_city_aggregate,1.3008076,-0.0009030999999999345
quarter,2017-02-03 00:00:00,1.3030608,,historical_city_aggregate,1.2999045,0.0031562999999998897
quarter,2017-02-06 00:00:00,1.3569356,,historical_city_aggregate,1.3030608,0.0538748
quarter,2017-02-07 00:00:00,1.3132267,,historical_city_aggregate,1.3569356,-0.04370889999999994
quarter,2017-02-08 00:00:00,1.3103211,,historical_city_aggregate,1.3132267,-0.0029056000000000637
quarter,2017-02-09 00:00:00,1.3045761,,historical_city_aggregate,1.3103211,-0.005744999999999889
quarter,2017-02-10 00:00:00,1.3222807,,historical_city_aggregate,1.3045761,0.01770460000000007
quarter,2017-02-13 00:00:00,1.3309299,,historical_city_aggregate,1.3222807,0.008649200000000024
quarter,2017-02-14 00:00:00,1.3535086,,historical_city_aggregate,1.3309299,0.02257869999999995
quarter,2017-02-15 00:00:00,1.3572256,,historical_city_aggregate,1.3535086,0.0037169999999999703
quarter,2017-02-16 00:00:00,1.3592367,,historical_city_aggregate,1.3572256,0.0020111000000000434
quarter,2017-02-17 00:00:00,1.3946489,,historical_city_aggregate,1.3592367,0.035412199999999894
quarter,2017-02-20 00:00:00,1.3840123,,historical_city_aggregate,1.3946489,-0.010636599999999996
quarter,2017-02-21 00:00:00,1.3876623,,historical_city_aggregate,1.3840123,0.003649999999999931
quarter,2017-02-22 00:00:00,1.3913427,,historical_city_aggregate,1.3876623,0.003680400000000139
quarter,2017-02-23 00:00:00,1.3595485,,historical_city_aggregate,1.3913427,-0.031794199999999995
quarter,2017-02-24 00:00:00,1.3379477,,historical_city_aggregate,1.3595485,-0.021600800000000087
quarter,2017-02-27 00:00:00,1.3383469,,historical_city_aggregate,1.3379477,0.00039919999999993294
quarter,2017-02-28 00:00:00,1.3295343,,historical_city_aggregate,1.3383469,-0.008812599999999948
quarter,2017-03-01 00:00:00,1.3253021,,historical_city_aggregate,1.3295343,-0.004232199999999908
quarter,2017-03-02 00:00:00,1.3475872,,historical_city_aggregate,1.3253021,0.022285099999999947
quarter,2017-03-03 00:00:00,1.3508785,,historical_city_aggregate,1.3475872,0.003291300000000108
quarter,2017-03-06 00:00:00,1.3740977,,historical_city_aggregate,1.3508785,0.023219199999999995
quarter,2017-03-07 00:00:00,1.3778262,,historical_city_aggregate,1.3740977,0.0037284999999998014
quarter,2017-03-08 00:00:00,1.3717667,,historical_city_aggregate,1.3778262,-0.006059499999999884
quarter,2017-03-09 00:00:00,1.3656626,,historical_city_aggregate,1.3717667,-0.006104099999999946
quarter,2017-03-10 00:00:00,1.366589,,historical_city_aggregate,1.3656626,0.0009263999999999939
quarter,2017-03-13 00:00:00,1.3675446,,historical_city_aggregate,1.366589,0.0009555999999999454
quarter,2017-03-14 00:00:00,1.3688907,,historical_city_aggregate,1.3675446,0.0013460999999999057
quarter,2017-03-15 00:00:00,1.3746919,,historical_city_aggregate,1.3688907,0.005801200000000062
quarter,2017-03-16 00:00:00,1.3849025,,historical_city_aggregate,1.3746919,0.010210599999999959
quarter,2017-03-17 00:00:00,1.3795975,,historical_city_aggregate,1.3849025,-0.005304999999999893
quarter,2017-03-20 00:00:00,1.3698097,,historical_city_aggregate,1.3795975,-0.009787800000000013
quarter,2017-03-21 00:00:00,1.4057691,,historical_city_aggregate,1.3698097,0.035959400000000086
quarter,2017-03-22 00:00:00,1.4085213,,historical_city_aggregate,1.4057691,0.0027521999999999824
quarter,2017-03-23 00:00:00,1.4097619,,historical_city_aggregate,1.4085213,0.001240599999999814
quarter,2017-03-24 00:00:00,1.4133186,,historical_city_aggregate,1.4097619,0.0035567000000000792
quarter,2017-03-27 00:00:00,1.454401,,historical_city_aggregate,1.4133186,0.041082400000000074
quarter,2017-03-28 00:00:00,1.464948,,historical_city_aggregate,1.454401,0.010546999999999862
quarter,2017-03-29 00:00:00,1.4664355,,historical_city_aggregate,1.464948,0.001487500000000086
quarter,2017-03-30 00:00:00,1.4550601,,historical_city_aggregate,1.4664355,-0.011375399999999924
quarter,2017-03-31 00:00:00,1.4743999,,historical_city_aggregate,1.4550601,0.019339800000000018
quarter,2017-04-03 00:00:00,1.4598332,,historical_city_aggregate,1.4743999,-0.014566700000000044
quarter,2017-04-04 00:00:00,1.4613442,,historical_city_aggregate,1.4598332,0.00151100000000004
quarter,2017-04-05 00:00:00,1.4649396,,historical_city_aggregate,1.4613442,0.0035953999999998043
quarter,2017-04-06 00:00:00,1.4655411,,historical_city_aggregate,1.4649396,0.0006015000000001436
quarter,2017-04-07 00:00:00,1.4624354,,historical_city_aggregate,1.4655411,-0.0031057000000001
quarter,2017-04-10 00:00:00,1.4482044,,historical_city_aggregate,1.4624354,-0.014230999999999883
quarter,2017-04-11 00:00:00,1.4953281,,historical_city_aggregate,1.4482044,0.04712369999999999
quarter,2017-04-12 00:00:00,1.5011563,,historical_city_aggregate,1.4953281,0.005828200000000061
quarter,2017-04-13 00:00:00,1.4990018,,historical_city_aggregate,1.5011563,-0.002154500000000059
quarter,2017-04-14 00:00:00,1.5003347,,historical_city_aggregate,1.4990018,0.0013328999999999702
quarter,2017-04-17 00:00:00,1.476459,,historical_city_aggregate,1.5003347,-0.023875700000000055
quarter,2017-04-18 00:00:00,1.4735403,,historical_city_aggregate,1.476459,-0.002918699999999941
quarter,2017-04-19 00:00:00,1.40842,,historical_city_aggregate,1.4735403,-0.06512030000000002
quarter,2017-04-20 00:00:00,1.4106529,,historical_city_aggregate,1.40842,0.002232900000000093
quarter,2017-04-21 00:00:00,1.4105991,,historical_city_aggregate,1.4106529,-5.3800000000103765e-05
quarter,2017-04-24 00:00:00,1.4600626,,historical_city_aggregate,1.4105991,0.049463500000000105
quarter,2017-04-25 00:00:00,1.3524843,,historical_city_aggregate,1.4600626,-0.10757830000000013
quarter,2017-04-26 00:00:00,1.3474143,,historical_city_aggregate,1.3524843,-0.005069999999999908
quarter,2017-04-27 00:00:00,1.3413832,,historical_city_aggregate,1.3474143,-0.006031099999999956
quarter,2017-04-28 00:00:00,1.3335652,,historical_city_aggregate,1.3413832,-0.007818000000000103
quarter,2017-05-01 00:00:00,1.3571454,,historical_city_aggregate,1.3335652,0.02358020000000005
quarter,2017-05-02 00:00:00,1.3220625,,historical_city_aggregate,1.3571454,-0.03508290000000014
quarter,2017-05-03 00:00:00,1.3318997,,historical_city_aggregate,1.3220625,0.00983719999999999
quarter,2017-05-04 00:00:00,1.3104033,,historical_city_aggregate,1.3318997,-0.02149639999999997
quarter,2017-05-05 00:00:00,1.3132517,,historical_city_aggregate,1.3104033,0.002848399999999973
quarter,2017-05-08 00:00:00,1.3091793,,historical_city_aggregate,1.3132517,-0.004072399999999865
quarter,2017-05-09 00:00:00,1.2437638,,historical_city_aggregate,1.3091793,-0.06541550000000007
quarter,2017-05-10 00:00:00,1.244455,,historical_city_aggregate,1.2437638,0.0006912000000001139
quarter,2017-05-11 00:00:00,1.2379808,,historical_city_aggregate,1.244455,-0.0064741999999999855
quarter,2017-05-12 00:00:00,1.2350984,,historical_city_aggregate,1.2379808,-0.0028824000000000627
quarter,2017-05-15 00:00:00,1.2325446,,historical_city_aggregate,1.2350984,-0.0025538000000000505
quarter,2017-05-16 00:00:00,1.2153197,,historical_city_aggregate,1.2325446,-0.017224899999999987
quarter,2017-05-17 00:00:00,1.2122099,,historical_city_aggregate,1.2153197,-0.0031098000000000514
quarter,2017-05-18 00:00:00,1.2095472,,historical_city_aggregate,1.2122099,-0.002662699999999907
quarter,2017-05-19 00:00:00,1.208244,,historical_city_aggregate,1.2095472,-0.0013031999999999488
quarter,2017-05-22 00:00:00,1.2290522,,historical_city_aggregate,1.208244,0.020808199999999832
quarter,2017-05-23 00:00:00,1.2309663,,historical_city_aggregate,1.2290522,0.0019141000000000297
quarter,2017-05-24 00:00:00,1.242359,,historical_city_aggregate,1.2309663,0.011392700000000033
quarter,2017-05-25 00:00:00,1.2415924,,historical_city_aggregate,1.242359,-0.0007665999999999507
quarter,2017-05-26 00:00:00,1.2366866,,historical_city_aggregate,1.2415924,-0.00490579999999996
quarter,2017-05-29 00:00:00,1.2353831,,historical_city_aggregate,1.2366866,-0.001303500000000124
quarter,2017-05-30 00:00:00,1.2347969,,historical_city_aggregate,1.2353831,-0.0005861999999998702
quarter,2017-05-31 00:00:00,1.237694,,historical_city_aggregate,1.2347969,0.002897099999999986
quarter,2017-06-01 00:00:00,1.2275994,,historical_city_aggregate,1.237694,-0.010094600000000176
quarter,2017-06-02 00:00:00,1.2122444,,historical_city_aggregate,1.2275994,-0.015354999999999785
quarter,2017-06-05 00:00:00,1.2104924,,historical_city_aggregate,1.2122444,-0.0017520000000001978
quarter,2017-06-06 00:00:00,1.2111811,,historical_city_aggregate,1.2104924,0.0006886999999999865
quarter,2017-06-07 00:00:00,1.2130697,,historical_city_aggregate,1.2111811,0.001888600000000018
quarter,2017-06-08 00:00:00,1.2220683,,historical_city_aggregate,1.2130697,0.00899860000000019
quarter,2017-06-09 00:00:00,1.2217541,,historical_city_aggregate,1.2220683,-0.0003142000000000422
quarter,2017-06-12 00:00:00,1.2281972,,historical_city_aggregate,1.2217541,0.006443100000000035
quarter,2017-06-13 00:00:00,1.2299521,,historical_city_aggregate,1.2281972,0.0017548999999998927
quarter,2017-06-14 00:00:00,1.2263905,,historical_city_aggregate,1.2299521,-0.0035616000000000536
quarter,2017-06-15 00:00:00,1.2236673,,historical_city_aggregate,1.2263905,-0.0027231999999999257
quarter,2017-06-16 00:00:00,1.20981,,historical_city_aggregate,1.2236673,-0.013857299999999961
quarter,2017-06-19 00:00:00,1.215874,,historical_city_aggregate,1.20981,0.006063999999999847
quarter,2017-06-20 00:00:00,1.1866939,,historical_city_aggregate,1.215874,-0.02918009999999982
quarter,2017-06-21 00:00:00,1.1895873,,historical_city_aggregate,1.1866939,0.002893399999999824
quarter,2017-06-22 00:00:00,1.1899859,,historical_city_aggregate,1.1895873,0.0003986000000000267
quarter,2017-06-23 00:00:00,1.1886734,,historical_city_aggregate,1.1899859,-0.0013124999999998277
quarter,2017-06-26 00:00:00,1.1866585,,historical_city_aggregate,1.1886734,-0.0020149000000000417
quarter,2017-06-27 00:00:00,1.1870429,,historical_city_aggregate,1.1866585,0.00038439999999995145
quarter,2017-06-28 00:00:00,1.1843636,,historical_city_aggregate,1.1870429,-0.002679300000000051
quarter,2017-06-29 00:00:00,1.1813225,,historical_city_aggregate,1.1843636,-0.0030410999999999078
quarter,2017-06-30 00:00:00,1.168995,,historical_city_aggregate,1.1813225,-0.012327500000000047
quarter,2017-07-03 00:00:00,1.1716119,,historical_city_aggregate,1.168995,0.002616900000000033
quarter,2017-07-04 00:00:00,1.1508135,,historical_city_aggregate,1.1716119,-0.020798400000000106
quarter,2017-07-05 00:00:00,1.1520796,,historical_city_aggregate,1.1508135,0.0012661000000000477
quarter,2017-07-06 00:00:00,1.1506512,,historical_city_aggregate,1.1520796,-0.0014283999999999963
quarter,2017-07-07 00:00:00,1.1263051,,historical_city_aggregate,1.1506512,-0.024346100000000037
quarter,2017-07-10 00:00:00,1.1299226,,historical_city_aggregate,1.1263051,0.0036175000000000512
quarter,2017-07-11 00:00:00,1.1290339,,historical_city_aggregate,1.1299226,-0.0008886999999999645
quarter,2017-07-12 00:00:00,1.1284596,,historical_city_aggregate,1.1290339,-0.0005743000000000276
quarter,2017-07-13 00:00:00,1.1326936,,historical_city_aggregate,1.1284596,0.004234000000000071
quarter,2017-07-14 00:00:00,1.1366787,,historical_city_aggregate,1.1326936,0.003985099999999964
quarter,2017-07-17 00:00:00,1.1412236,,historical_city_aggregate,1.1366787,0.004544899999999963
quarter,2017-07-18 00:00:00,1.1377172,,historical_city_aggregate,1.1412236,-0.0035064000000000206
quarter,2017-07-19 00:00:00,1.1301809,,historical_city_aggregate,1.1377172,-0.00753629999999994
quarter,2017-07-20 00:00:00,1.1301923,,historical_city_aggregate,1.1301809,1.1399999999994748e-05
quarter,2017-07-21 00:00:00,1.1264515,,historical_city_aggregate,1.1301923,-0.0037408000000000996
quarter,2017-07-24 00:00:00,1.144364,,historical_city_aggregate,1.1264515,0.017912499999999998
quarter,2017-07-25 00:00:00,1.1434889,,historical_city_aggregate,1.144364,-0.0008751000000000175
quarter,2017-07-26 00:00:00,1.1475604,,historical_city_aggregate,1.1434889,0.004071500000000006
quarter,2017-07-27 00:00:00,1.1511553,,historical_city_aggregate,1.1475604,0.0035949000000001785
quarter,2017-07-28 00:00:00,1.1583492,,historical_city_aggregate,1.1511553,0.007193899999999864
quarter,2017-07-31 00:00:00,1.1614622,,historical_city_aggregate,1.1583492,0.0031129999999999214
quarter,2017-08-01 00:00:00,1.1609859,,historical_city_aggregate,1.1614622,-0.00047629999999987405
quarter,2017-08-02 00:00:00,1.1635063,,historical_city_aggregate,1.1609859,0.0025204000000000892
quarter,2017-08-03 00:00:00,1.1651821,,historical_city_aggregate,1.1635063,0.001675799999999894
quarter,2017-08-04 00:00:00,1.1607888,,historical_city_aggregate,1.1651821,-0.004393300000000044
quarter,2017-08-07 00:00:00,1.1707667,,historical_city_aggregate,1.1607888,0.009977899999999984
quarter,2017-08-08 00:00:00,1.1875882,,historical_city_aggregate,1.1707667,0.016821500000000045
quarter,2017-08-09 00:00:00,1.1848909,,historical_city_aggregate,1.1875882,-0.0026972999999999026
quarter,2017-08-10 00:00:00,1.1843197,,historical_city_aggregate,1.1848909,-0.0005711999999999939
quarter,2017-08-11 00:00:00,1.1842254,,historical_city_aggregate,1.1843197,-9.429999999999161e-05
quarter,2017-08-14 00:00:00,1.208272,,historical_city_aggregate,1.1842254,0.024046599999999918
quarter,2017-08-15 00:00:00,1.1800502,,historical_city_aggregate,1.208272,-0.028221800000000075
quarter,2017-08-16 00:00:00,1.1718467,,historical_city_aggregate,1.1800502,-0.00820350000000003
quarter,2017-08-17 00:00:00,1.1729202,,historical_city_aggregate,1.1718467,0.0010735000000001715
quarter,2017-08-18 00:00:00,1.1745738,,historical_city_aggregate,1.1729202,0.0016535999999998108
quarter,2017-08-21 00:00:00,1.1699068,,historical_city_aggregate,1.1745738,-0.004666999999999977
quarter,2017-08-22 00:00:00,1.1735376,,historical_city_aggregate,1.1699068,0.003630800000000045
quarter,2017-08-23 00:00:00,1.1720117,,historical_city_aggregate,1.1735376,-0.001525899999999858
quarter,2017-08-24 00:00:00,1.1709419,,historical_city_aggregate,1.1720117,-0.0010698000000000096
quarter,2017-08-25 00:00:00,1.1714316,,historical_city_aggregate,1.1709419,0.0004896999999999263
quarter,2017-08-28 00:00:00,1.1622271,,historical_city_aggregate,1.1714316,-0.00920450000000006
quarter,2017-08-29 00:00:00,1.1720487,,historical_city_aggregate,1.1622271,0.009821599999999986
quarter,2017-08-30 00:00:00,1.1724418,,historical_city_aggregate,1.1720487,0.0003931000000001461
quarter,2017-08-31 00:00:00,1.1689694,,historical_city_aggregate,1.1724418,-0.003472400000000153
quarter,2017-09-01 00:00:00,1.1700458,,historical_city_aggregate,1.1689694,0.0010764000000000884
quarter,2017-09-04 00:00:00,1.1761611,,historical_city_aggregate,1.1700458,0.006115300000000046
quarter,2017-09-05 00:00:00,1.1691137,,historical_city_aggregate,1.1761611,-0.007047400000000037
quarter,2017-09-06 00:00:00,1.1723168,,historical_city_aggregate,1.1691137,0.0032030999999999032
quarter,2017-09-07 00:00:00,1.171768,,historical_city_aggregate,1.1723168,-0.0005488000000000159
quarter,2017-09-08 00:00:00,1.1721387,,historical_city_aggregate,1.171768,0.0003707000000001681
quarter,2017-09-11 00:00:00,1.1659331,,historical_city_aggregate,1.1721387,-0.006205600000000144
quarter,2017-09-12 00:00:00,1.1551882,,historical_city_aggregate,1.1659331,-0.010744899999999946
quarter,2017-09-13 00:00:00,1.161165,,historical_city_aggregate,1.1551882,0.005976800000000004
quarter,2017-09-14 00:00:00,1.167462,,historical_city_aggregate,1.161165,0.006296999999999997
quarter,2017-09-15 00:00:00,1.1653296,,historical_city_aggregate,1.167462,-0.0021324000000000343
quarter,2017-09-18 00:00:00,1.1582164,,historical_city_aggregate,1.1653296,-0.007113200000000042
quarter,2017-09-19 00:00:00,1.1572919,,historical_city_aggregate,1.1582164,-0.0009244999999999948
quarter,2017-09-20 00:00:00,1.1564277,,historical_city_aggregate,1.1572919,-0.0008641999999998706
quarter,2017-09-21 00:00:00,1.1529639,,historical_city_aggregate,1.1564277,-0.003463800000000017
quarter,2017-09-22 00:00:00,1.1548078,,historical_city_aggregate,1.1529639,0.0018438999999998984
quarter,2017-09-25 00:00:00,1.154191,,historical_city_aggregate,1.1548078,-0.0006167999999999729
quarter,2017-09-26 00:00:00,1.1531496,,historical_city_aggregate,1.154191,-0.001041399999999859
quarter,2017-09-27 00:00:00,1.1509206,,historical_city_aggregate,1.1531496,-0.0022290000000000365
quarter,2017-09-28 00:00:00,1.1525139,,historical_city_aggregate,1.1509206,0.0015932999999999087
quarter,2017-09-29 00:00:00,1.1569949,,historical_city_aggregate,1.1525139,0.004480999999999957
quarter,2017-10-02 00:00:00,1.1599772,,historical_city_aggregate,1.1569949,0.0029822999999999933
quarter,2017-10-03 00:00:00,1.1550842,,historical_city_aggregate,1.1599772,-0.004893000000000036
quarter,2017-10-04 00:00:00,1.1555996,,historical_city_aggregate,1.1550842,0.0005154000000000547
quarter,2017-10-05 00:00:00,1.1566186,,historical_city_aggregate,1.1555996,0.0010190000000001032
quarter,2017-10-06 00:00:00,1.1666812,,historical_city_aggregate,1.1566186,0.010062599999999922
quarter,2017-10-09 00:00:00,1.1835428,,historical_city_aggregate,1.1666812,0.01686159999999992
quarter,2017-10-10 00:00:00,1.1829955,,historical_city_aggregate,1.1835428,-0.0005472999999998063
quarter,2017-10-11 00:00:00,1.1806966,,historical_city_aggregate,1.1829955,-0.0022988999999999926
quarter,2017-10-12 00:00:00,1.1829391,,historical_city_aggregate,1.1806966,0.002242499999999925
quarter,2017-10-13 00:00:00,1.1790596,,historical_city_aggregate,1.1829391,-0.0038795000000000357
quarter,2017-10-16 00:00:00,1.1807669,,historical_city_aggregate,1.1790596,0.0017073000000000782
quarter,2017-10-17 00:00:00,1.1900314,,historical_city_aggregate,1.1807669,0.009264500000000009
quarter,2017-10-18 00:00:00,1.2018209,,historical_city_aggregate,1.1900314,0.011789499999999897
quarter,2017-10-19 00:00:00,1.2016239,,historical_city_aggregate,1.2018209,-0.00019700000000000273
quarter,2017-10-20 00:00:00,1.2027547,,historical_city_aggregate,1.2016239,0.0011308000000000984
quarter,2017-10-23 00:00:00,1.1994517,,historical_city_aggregate,1.2027547,-0.003303000000000056
quarter,2017-10-24 00:00:00,1.1871118,,historical_city_aggregate,1.1994517,-0.01233989999999996
quarter,2017-10-25 00:00:00,1.1884403,,historical_city_aggregate,1.1871118,0.0013284999999998437
quarter,2017-10-26 00:00:00,0.9811214,,historical_city_aggregate,1.1884403,-0.20731889999999986
quarter,2017-10-27 00:00:00,1.1871639,,historical_city_aggregate,0.9811214,0.20604250000000002
quarter,2017-10-30 00:00:00,1.1714292,,historical_city_aggregate,1.1871639,-0.0157347000000001
quarter,2017-10-31 00:00:00,1.1668584,,historical_city_aggregate,1.1714292,-0.004570799999999986
quarter,2017-11-01 00:00:00,1.1645792,,historical_city_aggregate,1.1668584,-0.0022792000000000368
quarter,2017-11-02 00:00:00,1.1632801,,historical_city_aggregate,1.1645792,-0.0012990999999999975
quarter,2017-11-03 00:00:00,1.1610723,,historical_city_aggregate,1.1632801,-0.002207799999999871
quarter,2017-11-06 00:00:00,1.1604138,,historical_city_aggregate,1.1610723,-0.0006585000000001173
quarter,2017-11-07 00:00:00,1.1629117,,historical_city_aggregate,1.1604138,0.002497900000000053
quarter,2017-11-08 00:00:00,1.1562408,,historical_city_aggregate,1.1629117,-0.006670900000000035
quarter,2017-11-09 00:00:00,1.1588321,,historical_city_aggregate,1.1562408,0.002591299999999963
quarter,2017-11-10 00:00:00,1.1723457,,historical_city_aggregate,1.1588321,0.013513600000000014
quarter,2017-11-13 00:00:00,1.1787053,,historical_city_aggregate,1.1723457,0.006359600000000132
quarter,2017-11-14 00:00:00,1.1789773,,historical_city_aggregate,1.1787053,0.00027199999999982793
quarter,2017-11-15 00:00:00,1.1809812,,historical_city_aggregate,1.1789773,0.0020039000000000584
quarter,2017-11-16 00:00:00,1.1927727,,historical_city_aggregate,1.1809812,0.011791499999999955
quarter,2017-11-17 00:00:00,1.1813686,,historical_city_aggregate,1.1927727,-0.011404099999999806
quarter,2017-11-20 00:00:00,1.1795558,,historical_city_aggregate,1.1813686,-0.0018128000000001698
quarter,2017-11-21 00:00:00,1.1913271,,historical_city_aggregate,1.1795558,0.011771300000000151
quarter,2017-11-22 00:00:00,1.1875818,,historical_city_aggregate,1.1913271,-0.0037453000000000625
quarter,2017-11-23 00:00:00,1.1863629,,historical_city_aggregate,1.1875818,-0.0012189000000000227
quarter,2017-11-24 00:00:00,1.1862503,,historical_city_aggregate,1.1863629,-0.00011260000000001824
quarter,2017-11-27 00:00:00,1.1865196,,historical_city_aggregate,1.1862503,0.00026930000000002785
quarter,2017-11-28 00:00:00,1.1880082,,historical_city_aggregate,1.1865196,0.001488600000000062
quarter,2017-11-29 00:00:00,1.1838163,,historical_city_aggregate,1.1880082,-0.004191900000000137
quarter,2017-11-30 00:00:00,1.1766418,,historical_city_aggregate,1.1838163,-0.0071744999999998615
quarter,2017-12-01 00:00:00,1.174811,,historical_city_aggregate,1.1766418,-0.0018308000000000213
quarter,2017-12-04 00:00:00,1.182184,,historical_city_aggregate,1.174811,0.007372999999999852
quarter,2017-12-05 00:00:00,1.1722787,,historical_city_aggregate,1.182184,-0.009905300000000006
quarter,2017-12-06 00:00:00,1.183238,,historical_city_aggregate,1.1722787,0.010959300000000116
quarter,2017-12-07 00:00:00,1.1713599,,historical_city_aggregate,1.183238,-0.011878100000000114
quarter,2017-12-08 00:00:00,1.1769657,,historical_city_aggregate,1.1713599,0.005605800000000105
quarter,2017-12-11 00:00:00,1.1904908,,historical_city_aggregate,1.1769657,0.013525100000000068
quarter,2017-12-12 00:00:00,1.1788673,,historical_city_aggregate,1.1904908,-0.011623500000000009
quarter,2017-12-13 00:00:00,1.1804829,,historical_city_aggregate,1.1788673,0.0016155999999998283
quarter,2017-12-14 00:00:00,1.1708606,,historical_city_aggregate,1.1804829,-0.009622299999999973
quarter,2017-12-15 00:00:00,1.172665,,historical_city_aggregate,1.1708606,0.0018044000000001503
quarter,2017-12-18 00:00:00,1.1819862,,historical_city_aggregate,1.172665,0.00932120000000003
quarter,2017-12-19 00:00:00,1.1803162,,historical_city_aggregate,1.1819862,-0.0016700000000000603
quarter,2017-12-20 00:00:00,1.173591,,historical_city_aggregate,1.1803162,-0.006725199999999987
quarter,2017-12-21 00:00:00,1.1723954,,historical_city_aggregate,1.173591,-0.0011955999999999634
quarter,2017-12-22 00:00:00,1.1782736,,historical_city_aggregate,1.1723954,0.005878199999999945
quarter,2017-12-25 00:00:00,1.1872562,,historical_city_aggregate,1.1782736,0.008982599999999952
quarter,2017-12-26 00:00:00,1.190991,,historical_city_aggregate,1.1872562,0.003734799999999927
quarter,2017-12-27 00:00:00,1.1731575,,historical_city_aggregate,1.190991,-0.017833499999999836
quarter,2017-12-28 00:00:00,1.1729781,,historical_city_aggregate,1.1731575,-0.00017940000000016276
quarter,2017-12-29 00:00:00,1.1703811,,historical_city_aggregate,1.1729781,-0.0025969999999999605
quarter,2018-01-01 00:00:00,1.1763361,,historical_city_aggregate,1.1703811,0.005955000000000155
quarter,2018-01-02 00:00:00,1.1806313,,historical_city_aggregate,1.1763361,0.0042951999999998325
quarter,2018-01-03 00:00:00,1.1801584,,historical_city_aggregate,1.1806313,-0.0004728999999998873
quarter,2018-01-04 00:00:00,1.1756707,,historical_city_aggregate,1.1801584,-0.004487700000000094
quarter,2018-01-05 00:00:00,1.1762351,,historical_city_aggregate,1.1756707,0.0005644000000000204
quarter,2018-01-08 00:00:00,1.173207,,historical_city_aggregate,1.1762351,-0.003028099999999867
quarter,2018-01-09 00:00:00,1.1714242,,historical_city_aggregate,1.173207,-0.0017828000000001953
quarter,2018-01-10 00:00:00,1.1697075,,historical_city_aggregate,1.1714242,-0.0017167000000000154
quarter,2018-01-11 00:00:00,1.1796098,,historical_city_aggregate,1.1697075,0.00990230000000003
quarter,2018-01-12 00:00:00,1.1735972,,historical_city_aggregate,1.1796098,-0.006012600000000035
quarter,2018-01-15 00:00:00,1.159618,,historical_city_aggregate,1.1735972,-0.013979199999999858
quarter,2018-01-16 00:00:00,1.1619085,,historical_city_aggregate,1.159618,0.002290499999999973
quarter,2018-01-17 00:00:00,1.1430913,,historical_city_aggregate,1.1619085,-0.01881719999999998
quarter,2018-01-18 00:00:00,1.1475636,,historical_city_aggregate,1.1430913,0.004472299999999985
quarter,2018-01-19 00:00:00,1.1418752,,historical_city_aggregate,1.1475636,-0.005688399999999927
quarter,2018-01-22 00:00:00,1.1517831,,historical_city_aggregate,1.1418752,0.00990789999999997
quarter,2018-01-23 00:00:00,1.1582197,,historical_city_aggregate,1.1517831,0.0064366000000000145
quarter,2018-01-24 00:00:00,1.1542907,,historical_city_aggregate,1.1582197,-0.003929000000000071
quarter,2018-01-25 00:00:00,1.1521494,,historical_city_aggregate,1.1542907,-0.0021412999999999016
quarter,2018-01-26 00:00:00,1.1497572,,historical_city_aggregate,1.1521494,-0.0023922000000000665
quarter,2018-01-29 00:00:00,1.1612602,,historical_city_aggregate,1.1497572,0.011503000000000041
quarter,2018-01-30 00:00:00,1.1698398,,historical_city_aggregate,1.1612602,0.00857960000000002
quarter,2018-01-31 00:00:00,1.1735361,,historical_city_aggregate,1.1698398,0.0036962999999998747
quarter,2018-02-01 00:00:00,1.1842812,,historical_city_aggregate,1.1735361,0.010745100000000063
quarter,2018-02-02 00:00:00,1.1779486,,historical_city_aggregate,1.1842812,-0.006332600000000133
quarter,2018-02-05 00:00:00,1.1905359,,historical_city_aggregate,1.1779486,0.012587300000000079
quarter,2018-02-06 00:00:00,1.1855842,,historical_city_aggregate,1.1905359,-0.004951699999999892
quarter,2018-02-07 00:00:00,1.1750528,,historical_city_aggregate,1.1855842,-0.01053140000000008
quarter,2018-02-08 00:00:00,1.1832477,,historical_city_aggregate,1.1750528,0.008194899999999894
quarter,2018-02-09 00:00:00,1.1806615,,historical_city_aggregate,1.1832477,-0.002586199999999872
quarter,2018-02-12 00:00:00,1.1850972,,historical_city_aggregate,1.1806615,0.004435699999999931
quarter,2018-02-13 00:00:00,1.1745307,,historical_city_aggregate,1.1850972,-0.010566499999999923
quarter,2018-02-14 00:00:00,1.1727219,,historical_city_aggregate,1.1745307,-0.0018088000000000548
quarter,2018-02-15 00:00:00,1.1654557,,historical_city_aggregate,1.1727219,-0.007266199999999889
quarter,2018-02-16 00:00:00,1.164113,,historical_city_aggregate,1.1654557,-0.001342700000000141
quarter,2018-02-19 00:00:00,1.1587462,,historical_city_aggregate,1.164113,-0.005366800000000005
quarter,2018-02-20 00:00:00,1.1681492,,historical_city_aggregate,1.1587462,0.00940300000000005
quarter,2018-02-21 00:00:00,1.1668367,,historical_city_aggregate,1.1681492,-0.0013125000000000497
quarter,2018-02-22 00:00:00,1.1690754,,historical_city_aggregate,1.1668367,0.002238700000000149
quarter,2018-02-23 00:00:00,1.167028,,historical_city_aggregate,1.1690754,-0.0020474000000001435
quarter,2018-02-26 00:00:00,1.1651872,,historical_city_aggregate,1.167028,-0.0018407999999998648
quarter,2018-02-27 00:00:00,1.1683847,,historical_city_aggregate,1.1651872,0.0031974999999999643
quarter,2018-02-28 00:00:00,1.1724212,,historical_city_aggregate,1.1683847,0.004036499999999998
quarter,2018-03-01 00:00:00,1.164103,,historical_city_aggregate,1.1724212,-0.008318199999999942
quarter,2018-03-02 00:00:00,1.1747964,,historical_city_aggregate,1.164103,0.010693399999999853
quarter,2018-03-05 00:00:00,1.1687224,,historical_city_aggregate,1.1747964,-0.006073999999999913
quarter,2018-03-06 00:00:00,1.1642446,,historical_city_aggregate,1.1687224,-0.004477800000000087
quarter,2018-03-07 00:00:00,1.1698781,,historical_city_aggregate,1.1642446,0.005633500000000069
quarter,2018-03-08 00:00:00,1.1781019,,historical_city_aggregate,1.1698781,0.008223799999999892
quarter,2018-03-09 00:00:00,1.1782885,,historical_city_aggregate,1.1781019,0.00018660000000014776
quarter,2018-03-12 00:00:00,1.2025354,,historical_city_aggregate,1.1782885,0.02424689999999985
quarter,2018-03-13 00:00:00,1.2020929,,historical_city_aggregate,1.2025354,-0.0004424999999999013
quarter,2018-03-14 00:00:00,1.2051523,,historical_city_aggregate,1.2020929,0.0030593999999999344
quarter,2018-03-15 00:00:00,1.2047929,,historical_city_aggregate,1.2051523,-0.0003594000000000097
quarter,2018-03-16 00:00:00,1.2439389,,historical_city_aggregate,1.2047929,0.039146000000000125
quarter,2018-03-19 00:00:00,1.2319001,,historical_city_aggregate,1.2439389,-0.012038800000000016
quarter,2018-03-20 00:00:00,1.228597,,historical_city_aggregate,1.2319001,-0.0033031000000001143
quarter,2018-03-21 00:00:00,1.2288051,,historical_city_aggregate,1.228597,0.00020810000000004436
quarter,2018-03-22 00:00:00,1.2255595,,historical_city_aggregate,1.2288051,-0.0032456000000000707
quarter,2018-03-23 00:00:00,1.2208162,,historical_city_aggregate,1.2255595,-0.004743299999999895
quarter,2018-03-26 00:00:00,1.2626323,,historical_city_aggregate,1.2208162,0.04181609999999991
quarter,2018-03-27 00:00:00,1.236321,,historical_city_aggregate,1.2626323,-0.026311299999999926
quarter,2018-03-28 00:00:00,1.2415688,,historical_city_aggregate,1.236321,0.005247800000000025
quarter,2018-03-29 00:00:00,1.2521128,,historical_city_aggregate,1.2415688,0.010543999999999887
quarter,2018-03-30 00:00:00,1.248348,,historical_city_aggregate,1.2521128,-0.0037647999999999016
quarter,2018-04-02 00:00:00,1.2491414,,historical_city_aggregate,1.248348,0.0007934000000000552
quarter,2018-04-03 00:00:00,1.214799,,historical_city_aggregate,1.2491414,-0.034342400000000106
quarter,2018-04-04 00:00:00,1.2186361,,historical_city_aggregate,1.214799,0.0038371000000001487
quarter,2018-04-05 00:00:00,1.2169163,,historical_city_aggregate,1.2186361,-0.001719800000000049
quarter,2018-04-06 00:00:00,1.2147564,,historical_city_aggregate,1.2169163,-0.0021599000000001034
quarter,2018-04-09 00:00:00,1.2114028,,historical_city_aggregate,1.2147564,-0.0033536000000000676
quarter,2018-04-10 00:00:00,1.1919835,,historical_city_aggregate,1.2114028,-0.019419299999999806
quarter,2018-04-11 00:00:00,1.1849992,,historical_city_aggregate,1.1919835,-0.006984300000000054
quarter,2018-04-12 00:00:00,1.2169676,,historical_city_aggregate,1.1849992,0.03196840000000001
quarter,2018-04-13 00:00:00,1.2158581,,historical_city_aggregate,1.2169676,-0.0011095000000000965
quarter,2018-04-16 00:00:00,1.2577026,,historical_city_aggregate,1.2158581,0.04184450000000006
quarter,2018-04-17 00:00:00,1.2547928,,historical_city_aggregate,1.2577026,-0.0029098000000000734
quarter,2018-04-18 00:00:00,1.2383806,,historical_city_aggregate,1.2547928,-0.016412199999999988
quarter,2018-04-19 00:00:00,1.2426233,,historical_city_aggregate,1.2383806,0.004242700000000044
quarter,2018-04-20 00:00:00,1.2459416,,historical_city_aggregate,1.2426233,0.0033183000000001073
quarter,2018-04-23 00:00:00,1.2406335,,historical_city_aggregate,1.2459416,-0.005308100000000149
quarter,2018-04-24 00:00:00,1.2394322,,historical_city_aggregate,1.2406335,-0.0012012999999999607
quarter,2018-04-25 00:00:00,1.2336016,,historical_city_aggregate,1.2394322,-0.005830599999999908
quarter,2018-04-26 00:00:00,1.2292361,,historical_city_aggregate,1.2336016,-0.004365500000000022
quarter,2018-04-27 00:00:00,1.2298328,,historical_city_aggregate,1.2292361,0.0005967000000000056
quarter,2018-04-30 00:00:00,1.2231259,,historical_city_aggregate,1.2298328,-0.00670689999999996
quarter,2018-05-01 00:00:00,1.2193526,,historical_city_aggregate,1.2231259,-0.0037733000000002015
quarter,2018-05-02 00:00:00,1.2159299,,historical_city_aggregate,1.2193526,-0.0034227000000000007
quarter,2018-05-03 00:00:00,1.2099923,,historical_city_aggregate,1.2159299,-0.005937599999999987
quarter,2018-05-04 00:00:00,1.220717,,historical_city_aggregate,1.2099923,0.010724700000000142
quarter,2018-05-07 00:00:00,1.2214643,,historical_city_aggregate,1.220717,0.0007473000000000063
quarter,2018-05-08 00:00:00,1.2068102,,historical_city_aggregate,1.2214643,-0.014654100000000003
quarter,2018-05-09 00:00:00,1.2205188,,historical_city_aggregate,1.2068102,0.01370859999999996
quarter,2018-05-10 00:00:00,1.2034982,,historical_city_aggregate,1.2205188,-0.01702059999999994
quarter,2018-05-11 00:00:00,1.2039461,,historical_city_aggregate,1.2034982,0.00044789999999994556
quarter,2018-05-14 00:00:00,1.2057374,,historical_city_aggregate,1.2039461,0.0017913000000000512
quarter,2018-05-15 00:00:00,1.220071,,historical_city_aggregate,1.2057374,0.014333599999999835
quarter,2018-05-16 00:00:00,1.2192098,,historical_city_aggregate,1.220071,-0.0008611999999998954
quarter,2018-05-17 00:00:00,1.2221008,,historical_city_aggregate,1.2192098,0.002890999999999977
quarter,2018-05-18 00:00:00,1.2112621,,historical_city_aggregate,1.2221008,-0.01083870000000009
quarter,2018-05-21 00:00:00,1.2173317,,historical_city_aggregate,1.2112621,0.006069600000000008
quarter,2018-05-22 00:00:00,1.2166227,,historical_city_aggregate,1.2173317,-0.0007089999999998486
quarter,2018-05-23 00:00:00,1.2303607,,historical_city_aggregate,1.2166227,0.013738000000000028
quarter,2018-05-24 00:00:00,1.2352052,,historical_city_aggregate,1.2303607,0.004844499999999918
quarter,2018-05-25 00:00:00,1.2353038,,historical_city_aggregate,1.2352052,9.860000000005975e-05
quarter,2018-05-28 00:00:00,1.2405205,,historical_city_aggregate,1.2353038,0.005216699999999852
quarter,2018-05-29 00:00:00,1.25866,,historical_city_aggregate,1.2405205,0.018139499999999975
quarter,2018-05-30 00:00:00,1.2309331,,historical_city_aggregate,1.25866,-0.0277269
quarter,2018-05-31 00:00:00,1.2316963,,historical_city_aggregate,1.2309331,0.000763200000000186
quarter,2018-06-01 00:00:00,1.2356569,,historical_city_aggregate,1.2316963,0.00396059999999987
quarter,2018-06-04 00:00:00,1.2162926,,historical_city_aggregate,1.2356569,-0.01936429999999989
quarter,2018-06-05 00:00:00,1.2078388,,historical_city_aggregate,1.2162926,-0.008453800000000067
quarter,2018-06-06 00:00:00,1.2045057,,historical_city_aggregate,1.2078388,-0.0033331000000000888
quarter,2018-06-07 00:00:00,1.1944896,,historical_city_aggregate,1.2045057,-0.010016099999999861
quarter,2018-06-08 00:00:00,1.195238,,historical_city_aggregate,1.1944896,0.0007483999999999824
quarter,2018-06-11 00:00:00,1.1908827,,historical_city_aggregate,1.195238,-0.004355300000000062
quarter,2018-06-12 00:00:00,1.18966,,historical_city_aggregate,1.1908827,-0.001222700000000021
quarter,2018-06-13 00:00:00,1.1870947,,historical_city_aggregate,1.18966,-0.0025652999999998816
quarter,2018-06-14 00:00:00,1.1889002,,historical_city_aggregate,1.1870947,0.0018054999999999044
quarter,2018-06-15 00:00:00,1.1869095,,historical_city_aggregate,1.1889002,-0.001990699999999901
quarter,2018-06-18 00:00:00,1.734375,,historical_city_aggregate,1.1869095,0.5474654999999999
quarter,2018-06-19 00:00:00,1.1869249,,historical_city_aggregate,1.734375,-0.5474501
quarter,2018-06-20 00:00:00,1.1889858,,historical_city_aggregate,1.1869249,0.002060900000000032
quarter,2018-06-21 00:00:00,1.1923256,,historical_city_aggregate,1.1889858,0.003339800000000004
quarter,2018-06-22 00:00:00,1.1887224,,historical_city_aggregate,1.1923256,-0.0036031999999999176
quarter,2018-06-25 00:00:00,1.1852868,,historical_city_aggregate,1.1887224,-0.003435599999999983
quarter,2018-06-26 00:00:00,1.1981482,,historical_city_aggregate,1.1852868,0.012861400000000023
quarter,2018-06-27 00:00:00,1.2011937,,historical_city_aggregate,1.1981482,0.0030454999999998122
quarter,2018-06-28 00:00:00,1.1982131,,historical_city_aggregate,1.2011937,-0.002980599999999889
quarter,2018-06-29 00:00:00,1.1977922,,historical_city_aggregate,1.1982131,-0.0004208999999999463
quarter,2018-07-02 00:00:00,1.2083621,,historical_city_aggregate,1.1977922,0.01056989999999991
quarter,2018-07-03 00:00:00,1.210686,,historical_city_aggregate,1.2083621,0.0023238999999999344
quarter,2018-07-04 00:00:00,1.1997256,,historical_city_aggregate,1.210686,-0.01096039999999987
quarter,2018-07-05 00:00:00,1.1924625,,historical_city_aggregate,1.1997256,-0.007263100000000078
quarter,2018-07-06 00:00:00,1.2031252,,historical_city_aggregate,1.1924625,0.010662699999999914
quarter,2018-07-09 00:00:00,1.2289808,,historical_city_aggregate,1.2031252,0.02585560000000009
quarter,2018-07-10 00:00:00,1.2157754,,historical_city_aggregate,1.2289808,-0.013205399999999923
quarter,2018-07-11 00:00:00,1.2271553,,historical_city_aggregate,1.2157754,0.011379899999999887
quarter,2018-07-12 00:00:00,1.2205983,,historical_city_aggregate,1.2271553,-0.006556999999999924
quarter,2018-07-13 00:00:00,1.2249198,,historical_city_aggregate,1.2205983,0.004321499999999867
quarter,2018-07-16 00:00:00,1.2180822,,historical_city_aggregate,1.2249198,-0.006837599999999888
quarter,2018-07-17 00:00:00,1.2168074,,historical_city_aggregate,1.2180822,-0.0012748000000000204
quarter,2018-07-18 00:00:00,1.2147776,,historical_city_aggregate,1.2168074,-0.0020298000000000815
quarter,2018-07-19 00:00:00,1.2143444,,historical_city_aggregate,1.2147776,-0.0004331999999998004
quarter,2018-07-20 00:00:00,1.2127857,,historical_city_aggregate,1.2143444,-0.001558700000000135
quarter,2018-07-23 00:00:00,1.1917908,,historical_city_aggregate,1.2127857,-0.02099490000000004
quarter,2018-07-24 00:00:00,1.1883848,,historical_city_aggregate,1.1917908,-0.00340600000000002
quarter,2018-07-25 00:00:00,1.1908735,,historical_city_aggregate,1.1883848,0.0024887000000000103
quarter,2018-07-26 00:00:00,1.1898815,,historical_city_aggregate,1.1908735,-0.0009919999999998819
quarter,2018-07-27 00:00:00,1.1847091,,historical_city_aggregate,1.1898815,-0.005172399999999966
quarter,2018-07-30 00:00:00,1.1909882,,historical_city_aggregate,1.1847091,0.006279099999999982
quarter,2018-07-31 00:00:00,1.1934273,,historical_city_aggregate,1.1909882,0.0024390999999999163
quarter,2018-08-01 00:00:00,1.1955149,,historical_city_aggregate,1.1934273,0.0020876000000000783
quarter,2018-08-02 00:00:00,1.1973622,,historical_city_aggregate,1.1955149,0.0018472999999998851
quarter,2018-08-03 00:00:00,1.200924,,historical_city_aggregate,1.1973622,0.0035618000000001704
quarter,2018-08-06 00:00:00,1.1864309,,historical_city_aggregate,1.200924,-0.014493100000000148
quarter,2018-08-07 00:00:00,1.2063385,,historical_city_aggregate,1.1864309,0.019907600000000025
quarter,2018-08-08 00:00:00,1.2055211,,historical_city_aggregate,1.2063385,-0.0008174000000000792
quarter,2018-08-09 00:00:00,1.2145381,,historical_city_aggregate,1.2055211,0.009017000000000053
quarter,2018-08-10 00:00:00,1.2207191,,historical_city_aggregate,1.2145381,0.006180999999999992
quarter,2018-08-13 00:00:00,1.2161171,,historical_city_aggregate,1.2207191,-0.004601999999999995
quarter,2018-08-14 00:00:00,1.2201268,,historical_city_aggregate,1.2161171,0.004009700000000116
quarter,2018-08-15 00:00:00,1.2242132,,historical_city_aggregate,1.2201268,0.0040863999999998235
quarter,2018-08-16 00:00:00,1.2291696,,historical_city_aggregate,1.2242132,0.004956400000000194
quarter,2018-08-17 00:00:00,1.226049,,historical_city_aggregate,1.2291696,-0.00312060000000014
quarter,2018-08-20 00:00:00,1.2283809,,historical_city_aggregate,1.226049,0.0023319000000001644
quarter,2018-08-21 00:00:00,1.2300652,,historical_city_aggregate,1.2283809,0.001684299999999972
quarter,2018-08-22 00:00:00,1.2328211,,historical_city_aggregate,1.2300652,0.0027558999999999223
quarter,2018-08-23 00:00:00,1.2332596,,historical_city_aggregate,1.2328211,0.00043850000000000833
quarter,2018-08-24 00:00:00,1.2290867,,historical_city_aggregate,1.2332596,-0.004172899999999924
quarter,2018-08-27 00:00:00,1.2273078,,historical_city_aggregate,1.2290867,-0.0017789000000001387
quarter,2018-08-28 00:00:00,1.2141606,,historical_city_aggregate,1.2273078,-0.013147199999999915
quarter,2018-08-29 00:00:00,1.2181052,,historical_city_aggregate,1.2141606,0.003944600000000076
quarter,2018-08-30 00:00:00,1.228058,,historical_city_aggregate,1.2181052,0.009952799999999984
quarter,2018-08-31 00:00:00,1.2274443,,historical_city_aggregate,1.228058,-0.0006137000000001613
quarter,2018-09-03 00:00:00,1.2594485,,historical_city_aggregate,1.2274443,0.03200420000000004
quarter,2018-09-04 00:00:00,1.2590876,,historical_city_aggregate,1.2594485,-0.00036089999999999733
quarter,2018-09-05 00:00:00,1.2537107,,historical_city_aggregate,1.2590876,-0.005376899999999907
quarter,2018-09-06 00:00:00,1.2725084,,historical_city_aggregate,1.2537107,0.018797699999999917
quarter,2018-09-07 00:00:00,1.2579531,,historical_city_aggregate,1.2725084,-0.014555300000000049
quarter,2018-09-10 00:00:00,1.2658104,,historical_city_aggregate,1.2579531,0.007857299999999956
quarter,2018-09-11 00:00:00,1.2483791,,historical_city_aggregate,1.2658104,-0.017431299999999927
quarter,2018-09-12 00:00:00,1.2485897,,historical_city_aggregate,1.2483791,0.00021059999999994972
quarter,2018-09-13 00:00:00,1.2490818,,historical_city_aggregate,1.2485897,0.0004920999999999953
quarter,2018-09-14 00:00:00,1.2469848,,historical_city_aggregate,1.2490818,-0.0020970000000000155
quarter,2018-09-17 00:00:00,1.2407795,,historical_city_aggregate,1.2469848,-0.006205299999999969
quarter,2018-09-18 00:00:00,1.2246346,,historical_city_aggregate,1.2407795,-0.016144900000000018
quarter,2018-09-19 00:00:00,1.2243118,,historical_city_aggregate,1.2246346,-0.00032279999999995646
quarter,2018-09-20 00:00:00,1.2227639,,historical_city_aggregate,1.2243118,-0.0015479000000000465
quarter,2018-09-21 00:00:00,1.2186995,,historical_city_aggregate,1.2227639,-0.004064399999999857
quarter,2018-09-24 00:00:00,1.2329654,,historical_city_aggregate,1.2186995,0.014265900000000054
quarter,2018-09-25 00:00:00,1.2356216,,historical_city_aggregate,1.2329654,0.0026561999999998864
quarter,2018-09-26 00:00:00,1.2200786,,historical_city_aggregate,1.2356216,-0.015543000000000085
quarter,2018-09-27 00:00:00,1.2141922,,historical_city_aggregate,1.2200786,-0.005886399999999847
quarter,2018-09-28 00:00:00,1.2128681,,historical_city_aggregate,1.2141922,-0.0013241000000001613
quarter,2018-10-01 00:00:00,1.2448825,,historical_city_aggregate,1.2128681,0.0320144
quarter,2018-10-02 00:00:00,1.2236644,,historical_city_aggregate,1.2448825,-0.021218099999999795
quarter,2018-10-03 00:00:00,1.2176846,,historical_city_aggregate,1.2236644,-0.005979800000000202
quarter,2018-10-04 00:00:00,1.2288056,,historical_city_aggregate,1.2176846,0.011121000000000159
quarter,2018-10-05 00:00:00,1.2444291,,historical_city_aggregate,1.2288056,0.015623500000000012
quarter,2018-10-08 00:00:00,1.256763,,historical_city_aggregate,1.2444291,0.012333900000000009
quarter,2018-10-09 00:00:00,1.1947145,,historical_city_aggregate,1.256763,-0.06204850000000017
quarter,2018-10-10 00:00:00,1.1842587,,historical_city_aggregate,1.1947145,-0.010455799999999904
quarter,2018-10-11 00:00:00,1.182526,,historical_city_aggregate,1.1842587,-0.0017327000000000314
quarter,2018-10-12 00:00:00,1.1745153,,historical_city_aggregate,1.182526,-0.008010700000000037
quarter,2018-10-15 00:00:00,1.1662527,,historical_city_aggregate,1.1745153,-0.008262599999999898
quarter,2018-10-16 00:00:00,1.1571182,,historical_city_aggregate,1.1662527,-0.009134500000000045
quarter,2018-10-17 00:00:00,1.1498859,,historical_city_aggregate,1.1571182,-0.00723230000000008
quarter,2018-10-18 00:00:00,1.1509216,,historical_city_aggregate,1.1498859,0.0010357000000000838
quarter,2018-10-19 00:00:00,1.1508571,,historical_city_aggregate,1.1509216,-6.449999999991185e-05
quarter,2018-10-22 00:00:00,1.1445938,,historical_city_aggregate,1.1508571,-0.006263300000000083
quarter,2018-10-23 00:00:00,1.1514639,,historical_city_aggregate,1.1445938,0.00687009999999999
quarter,2018-10-24 00:00:00,1.159481,,historical_city_aggregate,1.1514639,0.0080171
quarter,2018-10-25 00:00:00,1.1584895,,historical_city_aggregate,1.159481,-0.000991500000000034
quarter,2018-10-26 00:00:00,1.1660357,,historical_city_aggregate,1.1584895,0.007546199999999947
quarter,2018-10-29 00:00:00,1.177051,,historical_city_aggregate,1.1660357,0.011015300000000172
quarter,2018-10-30 00:00:00,1.1786571,,historical_city_aggregate,1.177051,0.0016060999999998327
quarter,2018-10-31 00:00:00,1.1788054,,historical_city_aggregate,1.1786571,0.0001482999999999901
quarter,2018-11-01 00:00:00,1.1742598,,historical_city_aggregate,1.1788054,-0.0045455999999999275
quarter,2018-11-02 00:00:00,1.1686181,,historical_city_aggregate,1.1742598,-0.005641699999999972
quarter,2018-11-05 00:00:00,1.165872,,historical_city_aggregate,1.1686181,-0.0027460999999999736
quarter,2018-11-06 00:00:00,1.162054,,historical_city_aggregate,1.165872,-0.003818000000000099
quarter,2018-11-09 00:00:00,1.1660094,,historical_city_aggregate,1.162054,0.003955400000000164
quarter,2018-11-12 00:00:00,1.1809007,,historical_city_aggregate,1.1660094,0.01489129999999994
quarter,2018-11-13 00:00:00,1.1857111,,historical_city_aggregate,1.1809007,0.0048103999999999925
quarter,2018-11-14 00:00:00,1.1717978,,historical_city_aggregate,1.1857111,-0.013913300000000017
quarter,2018-11-15 00:00:00,1.1858617,,historical_city_aggregate,1.1717978,0.014063900000000018
quarter,2018-11-16 00:00:00,1.1883222,,historical_city_aggregate,1.1858617,0.0024604999999999766
quarter,2018-11-19 00:00:00,1.1841868,,historical_city_aggregate,1.1883222,-0.004135400000000011
quarter,2018-11-20 00:00:00,1.17015,,historical_city_aggregate,1.1841868,-0.01403679999999996
quarter,2018-11-21 00:00:00,1.1671034,,historical_city_aggregate,1.17015,-0.0030466000000000104
quarter,2018-11-22 00:00:00,1.1671019,,historical_city_aggregate,1.1671034,-1.4999999999876223e-06
quarter,2018-11-23 00:00:00,1.177633,,historical_city_aggregate,1.1671019,0.010531099999999904
quarter,2018-11-26 00:00:00,1.1603173,,historical_city_aggregate,1.177633,-0.017315699999999934
quarter,2018-11-27 00:00:00,1.1632107,,historical_city_aggregate,1.1603173,0.002893400000000046
quarter,2018-11-28 00:00:00,1.1665287,,historical_city_aggregate,1.1632107,0.003317999999999932
quarter,2018-11-29 00:00:00,1.166105,,historical_city_aggregate,1.1665287,-0.00042370000000002683
quarter,2018-11-30 00:00:00,1.1662869,,historical_city_aggregate,1.166105,0.00018190000000006812
quarter,2018-12-03 00:00:00,1.1722866,,historical_city_aggregate,1.1662869,0.005999700000000052
quarter,2018-12-04 00:00:00,1.1633118,,historical_city_aggregate,1.1722866,-0.00897480000000006
quarter,2018-12-05 00:00:00,1.1686766,,historical_city_aggregate,1.1633118,0.005364799999999947
quarter,2018-12-06 00:00:00,1.1737985,,historical_city_aggregate,1.1686766,0.0051219000000000126
quarter,2018-12-07 00:00:00,1.1848568,,historical_city_aggregate,1.1737985,0.011058299999999965
quarter,2018-12-10 00:00:00,1.1886045,,historical_city_aggregate,1.1848568,0.0037477000000001315
quarter,2018-12-11 00:00:00,1.1920463,,historical_city_aggregate,1.1886045,0.0034417999999998283
quarter,2018-12-12 00:00:00,1.1924422,,historical_city_aggregate,1.1920463,0.0003959000000000046
quarter,2018-12-13 00:00:00,1.1980012,,historical_city_aggregate,1.1924422,0.005559000000000092
quarter,2018-12-14 00:00:00,1.1858011,,historical_city_aggregate,1.1980012,-0.012200100000000047
quarter,2018-12-17 00:00:00,1.2081877,,historical_city_aggregate,1.1858011,0.022386600000000145
quarter,2018-12-18 00:00:00,1.2101022,,historical_city_aggregate,1.2081877,0.0019144999999998191
quarter,2018-12-19 00:00:00,1.2122333,,historical_city_aggregate,1.2101022,0.0021311000000001634
quarter,2018-12-20 00:00:00,1.2221966,,historical_city_aggregate,1.2122333,0.009963299999999897
quarter,2018-12-21 00:00:00,1.2263504,,historical_city_aggregate,1.2221966,0.004153800000000096
quarter,2018-12-24 00:00:00,1.2387863,,historical_city_aggregate,1.2263504,0.012435899999999833
quarter,2018-12-25 00:00:00,1.2447163,,historical_city_aggregate,1.2387863,0.005930000000000213
quarter,2018-12-26 00:00:00,1.2514005,,historical_city_aggregate,1.2447163,0.006684199999999807
quarter,2018-12-27 00:00:00,1.2612167,,historical_city_aggregate,1.2514005,0.009816200000000164
quarter,2018-12-28 00:00:00,1.2790536,,historical_city_aggregate,1.2612167,0.017836899999999822
quarter,2018-12-31 00:00:00,1.2828065,,historical_city_aggregate,1.2790536,0.003752900000000059
quarter,2019-01-01 00:00:00,1.2855952,,historical_city_aggregate,1.2828065,0.0027886999999999773
quarter,2019-01-02 00:00:00,1.2936894,,historical_city_aggregate,1.2855952,0.008094200000000162
quarter,2019-01-03 00:00:00,1.2957378,,historical_city_aggregate,1.2936894,0.0020483999999998392
quarter,2019-01-04 00:00:00,1.1481873,,historical_city_aggregate,1.2957378,-0.14755049999999992
quarter,2019-01-07 00:00:00,1.1746089,,historical_city_aggregate,1.1481873,0.026421599999999934
quarter,2019-01-08 00:00:00,1.1971544,,historical_city_aggregate,1.1746089,0.022545500000000107
quarter,2019-01-09 00:00:00,1.3521036,,historical_city_aggregate,1.1971544,0.1549491999999999
quarter,2019-01-10 00:00:00,1.1827921,,historical_city_aggregate,1.3521036,-0.16931150000000006
quarter,2019-01-11 00:00:00,1.1944164,,historical_city_aggregate,1.1827921,0.011624300000000032
quarter,2019-01-14 00:00:00,1.2313602,,historical_city_aggregate,1.1944164,0.03694379999999997
quarter,2019-01-15 00:00:00,1.2224342,,historical_city_aggregate,1.2313602,-0.00892599999999999
quarter,2019-01-16 00:00:00,1.2408559,,historical_city_aggregate,1.2224342,0.018421699999999985
quarter,2019-01-17 00:00:00,1.2320771,,historical_city_aggregate,1.2408559,-0.008778799999999976
quarter,2019-01-18 00:00:00,1.2401286,,historical_city_aggregate,1.2320771,0.0080515000000001
quarter,2019-01-21 00:00:00,1.2480795,,historical_city_aggregate,1.2401286,0.007950899999999983
quarter,2019-01-22 00:00:00,1.2526427,,historical_city_aggregate,1.2480795,0.0045631999999999895
quarter,2019-01-23 00:00:00,1.2420045,,historical_city_aggregate,1.2526427,-0.010638200000000042
quarter,2019-01-24 00:00:00,1.2361798,,historical_city_aggregate,1.2420045,-0.005824700000000016
quarter,2019-01-25 00:00:00,1.2209977,,historical_city_aggregate,1.2361798,-0.015182099999999865
quarter,2019-01-28 00:00:00,1.2246117,,historical_city_aggregate,1.2209977,0.003614000000000006
quarter,2019-01-29 00:00:00,1.2323655,,historical_city_aggregate,1.2246117,0.007753799999999922
quarter,2019-01-30 00:00:00,1.230922,,historical_city_aggregate,1.2323655,-0.001443499999999931
quarter,2019-01-31 00:00:00,1.2313476,,historical_city_aggregate,1.230922,0.00042560000000002596
quarter,2019-02-01 00:00:00,1.2361528,,historical_city_aggregate,1.2313476,0.004805199999999843
quarter,2019-02-04 00:00:00,1.23963,,historical_city_aggregate,1.2361528,0.003477200000000069
quarter,2019-02-05 00:00:00,1.2319181,,historical_city_aggregate,1.23963,-0.007711900000000105
quarter,2019-02-06 00:00:00,1.2273227,,historical_city_aggregate,1.2319181,-0.004595399999999916
quarter,2019-02-07 00:00:00,1.2143874,,historical_city_aggregate,1.2273227,-0.012935300000000094
quarter,2019-02-08 00:00:00,1.2173218,,historical_city_aggregate,1.2143874,0.0029344000000000037
quarter,2019-02-11 00:00:00,1.2129974,,historical_city_aggregate,1.2173218,-0.004324400000000006
quarter,2019-02-12 00:00:00,1.2117927,,historical_city_aggregate,1.2129974,-0.0012046999999999475
quarter,2019-02-13 00:00:00,1.209252,,historical_city_aggregate,1.2117927,-0.0025406999999999513
quarter,2019-02-14 00:00:00,1.2115548,,historical_city_aggregate,1.209252,0.0023028000000000493
quarter,2019-02-15 00:00:00,1.206873,,historical_city_aggregate,1.2115548,-0.004681799999999958
quarter,2019-02-18 00:00:00,1.2072823,,historical_city_aggregate,1.206873,0.0004092999999998348
quarter,2019-02-19 00:00:00,1.2213018,,historical_city_aggregate,1.2072823,0.014019500000000074
quarter,2019-02-20 00:00:00,1.2542918,,historical_city_aggregate,1.2213018,0.032990000000000075
quarter,2019-02-21 00:00:00,1.2435198,,historical_city_aggregate,1.2542918,-0.010772000000000004
quarter,2019-02-22 00:00:00,1.2569988,,historical_city_aggregate,1.2435198,0.013479000000000019
quarter,2019-02-25 00:00:00,1.2783892,,historical_city_aggregate,1.2569988,0.02139039999999981
quarter,2019-02-26 00:00:00,1.2745871,,historical_city_aggregate,1.2783892,-0.0038020999999999194
quarter,2019-02-27 00:00:00,1.2762527,,historical_city_aggregate,1.2745871,0.0016655999999999338
quarter,2019-02-28 00:00:00,1.2698897,,historical_city_aggregate,1.2762527,-0.0063629999999998965
quarter,2019-03-01 00:00:00,1.2872997,,historical_city_aggregate,1.2698897,0.017409999999999926
quarter,2019-03-04 00:00:00,1.2842911,,historical_city_aggregate,1.2872997,-0.003008600000000028
quarter,2019-03-05 00:00:00,1.2861246,,historical_city_aggregate,1.2842911,0.0018335000000000434
quarter,2019-03-06 00:00:00,1.2772884,,historical_city_aggregate,1.2861246,-0.00883619999999996
quarter,2019-03-07 00:00:00,1.2704078,,historical_city_aggregate,1.2772884,-0.0068805999999999035
quarter,2019-03-08 00:00:00,1.2836061,,historical_city_aggregate,1.2704078,0.013198299999999996
quarter,2019-03-11 00:00:00,1.3001704,,historical_city_aggregate,1.2836061,0.016564299999999976
quarter,2019-03-12 00:00:00,1.2965625,,historical_city_aggregate,1.3001704,-0.0036078999999999972
quarter,2019-03-13 00:00:00,1.2985786,,historical_city_aggregate,1.2965625,0.002016099999999854
quarter,2019-03-14 00:00:00,1.2996164,,historical_city_aggregate,1.2985786,0.0010377999999999776
quarter,2019-03-15 00:00:00,1.2919402,,historical_city_aggregate,1.2996164,-0.007676199999999911
quarter,2019-03-18 00:00:00,1.287416,,historical_city_aggregate,1.2919402,-0.004524200000000089
quarter,2019-03-19 00:00:00,1.2926289,,historical_city_aggregate,1.287416,0.005212900000000076
quarter,2019-03-20 00:00:00,1.3017744,,historical_city_aggregate,1.2926289,0.009145500000000029
quarter,2019-03-21 00:00:00,1.2941024,,historical_city_aggregate,1.3017744,-0.007671999999999901
quarter,2019-03-22 00:00:00,1.3163013,,historical_city_aggregate,1.2941024,0.0221988999999998
quarter,2019-03-25 00:00:00,1.3160176,,historical_city_aggregate,1.3163013,-0.00028369999999999784
quarter,2019-03-26 00:00:00,1.3127011,,historical_city_aggregate,1.3160176,-0.0033164999999999445
quarter,2019-03-27 00:00:00,1.3152713,,historical_city_aggregate,1.3127011,0.002570200000000078
quarter,2019-03-28 00:00:00,1.3467519,,historical_city_aggregate,1.3152713,0.03148059999999986
quarter,2019-03-29 00:00:00,1.3500788,,historical_city_aggregate,1.3467519,0.0033269000000000215
quarter,2019-04-01 00:00:00,1.3553909,,historical_city_aggregate,1.3500788,0.005312100000000042
quarter,2019-04-02 00:00:00,1.4043996,,historical_city_aggregate,1.3553909,0.04900870000000013
quarter,2019-04-03 00:00:00,1.4137748,,historical_city_aggregate,1.4043996,0.009375200000000028
quarter,2019-04-04 00:00:00,1.4099711,,historical_city_aggregate,1.4137748,-0.0038037000000001875
quarter,2019-04-05 00:00:00,1.4100195,,historical_city_aggregate,1.4099711,4.8400000000059507e-05
quarter,2019-04-08 00:00:00,1.4084686,,historical_city_aggregate,1.4100195,-0.0015509000000000217
quarter,2019-04-09 00:00:00,1.3602152,,historical_city_aggregate,1.4084686,-0.04825339999999989
quarter,2019-04-10 00:00:00,1.3625455,,historical_city_aggregate,1.3602152,0.0023302999999998963
quarter,2019-04-11 00:00:00,1.3540359,,historical_city_aggregate,1.3625455,-0.008509600000000006
quarter,2019-04-12 00:00:00,1.3568186,,historical_city_aggregate,1.3540359,0.002782700000000027
quarter,2026-03-25 00:00:00,1.1258219939967193,18,derived_current_city_aggregate,1.3568186,-0.23099660600328065
quarter,2026-03-31 00:00:00,1.1257801893417547,18,derived_current_city_aggregate,1.1258219939967193,-4.1804654964616716e-05
quarter,2026-04-07 00:00:00,1.0752398786378752,18,derived_current_city_aggregate,1.1257801893417547,-0.05054031070387954
quarter,2026-04-10 00:00:00,1.075036616851941,18,derived_current_city_aggregate,1.0752398786378752,-0.00020326178593421673
quarter,2026-05-16 00:00:00,1.145549646876918,18,derived_current_city_aggregate,1.075036616851941,0.070513030024977
week,2016-01-15 00:00:00,1.417538,,historical_city_aggregate,,
week,2016-01-18 00:00:00,1.4535257,,historical_city_aggregate,1.417538,0.035987699999999956
week,2016-01-19 00:00:00,1.4843217,,historical_city_aggregate,1.4535257,0.030796000000000046
week,2016-01-20 00:00:00,1.5423534,,historical_city_aggregate,1.4843217,0.05803170000000013
week,2016-01-21 00:00:00,1.2414014,,historical_city_aggregate,1.5423534,-0.3009520000000001
week,2016-01-22 00:00:00,1.3170339,,historical_city_aggregate,1.2414014,0.07563249999999999
week,2016-01-25 00:00:00,1.3214149,,historical_city_aggregate,1.3170339,0.004380999999999968
week,2016-01-26 00:00:00,1.2991232,,historical_city_aggregate,1.3214149,-0.022291700000000025
week,2016-01-27 00:00:00,1.251124,,historical_city_aggregate,1.2991232,-0.04799920000000002
week,2016-01-28 00:00:00,1.2611498,,historical_city_aggregate,1.251124,0.010025800000000196
week,2016-01-29 00:00:00,1.22653,,historical_city_aggregate,1.2611498,-0.0346198000000002
week,2016-02-01 00:00:00,1.215677,,historical_city_aggregate,1.22653,-0.010853000000000002
week,2016-02-02 00:00:00,1.4073745,,historical_city_aggregate,1.215677,0.19169750000000008
week,2016-02-03 00:00:00,1.3964905,,historical_city_aggregate,1.4073745,-0.010883999999999894
week,2016-02-04 00:00:00,1.2290008,,historical_city_aggregate,1.3964905,-0.16748970000000019
week,2016-02-05 00:00:00,1.1941258,,historical_city_aggregate,1.2290008,-0.03487499999999999
week,2016-02-08 00:00:00,1.2198236,,historical_city_aggregate,1.1941258,0.025697800000000104
week,2016-02-09 00:00:00,1.3070505,,historical_city_aggregate,1.2198236,0.08722689999999989
week,2016-02-10 00:00:00,1.54401,,historical_city_aggregate,1.3070505,0.2369595000000002
week,2016-02-11 00:00:00,1.5763657,,historical_city_aggregate,1.54401,0.032355699999999876
week,2016-02-12 00:00:00,1.8966991,,historical_city_aggregate,1.5763657,0.3203334
week,2016-02-15 00:00:00,1.6242883,,historical_city_aggregate,1.8966991,-0.27241080000000006
week,2016-02-16 00:00:00,1.4737538,,historical_city_aggregate,1.6242883,-0.15053450000000002
week,2016-02-17 00:00:00,4.5010989,,historical_city_aggregate,1.4737538,3.0273451
week,2016-02-18 00:00:00,1.03634,,historical_city_aggregate,4.5010989,-3.4647588999999996
week,2016-02-19 00:00:00,1.5256052,,historical_city_aggregate,1.03634,0.48926519999999996
week,2016-02-22 00:00:00,1.3072981,,historical_city_aggregate,1.5256052,-0.2183071000000001
week,2016-02-23 00:00:00,1.3701908,,historical_city_aggregate,1.3072981,0.06289270000000013
week,2016-02-24 00:00:00,1.3501286,,historical_city_aggregate,1.3701908,-0.02006220000000014
week,2016-02-25 00:00:00,1.3525997,,historical_city_aggregate,1.3501286,0.0024711000000001704
week,2016-02-26 00:00:00,1.3589448,,historical_city_aggregate,1.3525997,0.006345099999999881
week,2016-02-29 00:00:00,1.1994886,,historical_city_aggregate,1.3589448,-0.15945619999999994
week,2016-03-01 00:00:00,1.1645847,,historical_city_aggregate,1.1994886,-0.03490389999999999
week,2016-03-02 00:00:00,1.1833032,,historical_city_aggregate,1.1645847,0.018718500000000082
week,2016-03-03 00:00:00,1.1483049,,historical_city_aggregate,1.1833032,-0.03499830000000004
week,2016-03-04 00:00:00,1.1379892,,historical_city_aggregate,1.1483049,-0.010315700000000039
week,2016-03-07 00:00:00,1.2284523,,historical_city_aggregate,1.1379892,0.09046310000000002
week,2016-03-08 00:00:00,1.3034896,,historical_city_aggregate,1.2284523,0.07503729999999997
week,2016-03-09 00:00:00,1.3197164,,historical_city_aggregate,1.3034896,0.016226799999999875
week,2016-03-10 00:00:00,1.3743454,,historical_city_aggregate,1.3197164,0.05462900000000004
week,2016-03-11 00:00:00,1.237942,,historical_city_aggregate,1.3743454,-0.13640339999999984
week,2016-03-14 00:00:00,1.667452,,historical_city_aggregate,1.237942,0.42950999999999984
week,2016-03-15 00:00:00,1.1417344,,historical_city_aggregate,1.667452,-0.5257175999999999
week,2016-03-16 00:00:00,1.1380799,,historical_city_aggregate,1.1417344,-0.003654500000000116
week,2016-03-17 00:00:00,1.1531916,,historical_city_aggregate,1.1380799,0.015111700000000061
week,2016-03-18 00:00:00,1.6694566,,historical_city_aggregate,1.1531916,0.516265
week,2016-03-21 00:00:00,1.3464596,,historical_city_aggregate,1.6694566,-0.322997
week,2016-03-22 00:00:00,1.2367309,,historical_city_aggregate,1.3464596,-0.10972870000000001
week,2016-03-23 00:00:00,1.2050511,,historical_city_aggregate,1.2367309,-0.031679800000000036
week,2016-03-24 00:00:00,1.262059,,historical_city_aggregate,1.2050511,0.05700790000000011
week,2016-03-25 00:00:00,1.2711248,,historical_city_aggregate,1.262059,0.009065799999999902
week,2016-03-28 00:00:00,1.1742762,,historical_city_aggregate,1.2711248,-0.09684859999999995
week,2016-03-29 00:00:00,1.2344608,,historical_city_aggregate,1.1742762,0.06018459999999992
week,2016-03-30 00:00:00,1.3568378,,historical_city_aggregate,1.2344608,0.12237700000000018
week,2016-03-31 00:00:00,1.4579696,,historical_city_aggregate,1.3568378,0.10113179999999988
week,2016-04-01 00:00:00,1.44549,,historical_city_aggregate,1.4579696,-0.012479600000000035
week,2016-04-04 00:00:00,1.2135338,,historical_city_aggregate,1.44549,-0.23195619999999995
week,2016-04-05 00:00:00,1.2115225,,historical_city_aggregate,1.2135338,-0.002011299999999938
week,2016-04-06 00:00:00,1.2424854,,historical_city_aggregate,1.2115225,0.030962900000000015
week,2016-04-07 00:00:00,1.2032235,,historical_city_aggregate,1.2424854,-0.03926190000000007
week,2016-04-08 00:00:00,1.2041909,,historical_city_aggregate,1.2032235,0.0009673999999999516
week,2016-04-11 00:00:00,1.2576565,,historical_city_aggregate,1.2041909,0.0534656
week,2016-04-12 00:00:00,1.244243,,historical_city_aggregate,1.2576565,-0.013413499999999967
week,2016-04-13 00:00:00,1.2239486,,historical_city_aggregate,1.244243,-0.020294400000000046
week,2016-04-14 00:00:00,1.2447724,,historical_city_aggregate,1.2239486,0.02082380000000006
week,2016-04-15 00:00:00,1.2943211,,historical_city_aggregate,1.2447724,0.04954869999999989
week,2016-04-18 00:00:00,1.6202371,,historical_city_aggregate,1.2943211,0.3259160000000001
week,2016-04-19 00:00:00,1.5601104,,historical_city_aggregate,1.6202371,-0.06012670000000009
week,2016-04-20 00:00:00,1.9351024,,historical_city_aggregate,1.5601104,0.374992
week,2016-04-21 00:00:00,1.3379297,,historical_city_aggregate,1.9351024,-0.5971726999999998
week,2016-04-22 00:00:00,1.2974853,,historical_city_aggregate,1.3379297,-0.04044440000000016
week,2016-04-25 00:00:00,1.1792553,,historical_city_aggregate,1.2974853,-0.11823000000000006
week,2016-04-26 00:00:00,1.1910662,,historical_city_aggregate,1.1792553,0.01181090000000018
week,2016-04-27 00:00:00,1.156911,,historical_city_aggregate,1.1910662,-0.03415520000000005
week,2016-04-28 00:00:00,1.162921,,historical_city_aggregate,1.156911,0.006010000000000071
week,2016-04-29 00:00:00,1.160236,,historical_city_aggregate,1.162921,-0.0026850000000000485
week,2016-05-02 00:00:00,1.1923866,,historical_city_aggregate,1.160236,0.03215060000000003
week,2016-05-03 00:00:00,1.1968198,,historical_city_aggregate,1.1923866,0.004433200000000026
week,2016-05-04 00:00:00,1.2058057,,historical_city_aggregate,1.1968198,0.00898589999999988
week,2016-05-05 00:00:00,1.2417257,,historical_city_aggregate,1.2058057,0.03591999999999995
week,2016-05-06 00:00:00,1.2190516,,historical_city_aggregate,1.2417257,-0.02267409999999992
week,2016-05-09 00:00:00,1.2053215,,historical_city_aggregate,1.2190516,-0.013730100000000078
week,2016-05-10 00:00:00,1.1916949,,historical_city_aggregate,1.2053215,-0.013626600000000044
week,2016-05-11 00:00:00,1.2199519,,historical_city_aggregate,1.1916949,0.0282570000000002
week,2016-05-12 00:00:00,1.2128917,,historical_city_aggregate,1.2199519,-0.007060200000000183
week,2016-05-13 00:00:00,1.2459997,,historical_city_aggregate,1.2128917,0.03310800000000014
week,2016-05-16 00:00:00,1.1931329,,historical_city_aggregate,1.2459997,-0.0528668000000001
week,2016-05-17 00:00:00,1.1904562,,historical_city_aggregate,1.1931329,-0.0026766999999998653
week,2016-05-18 00:00:00,1.1869068,,historical_city_aggregate,1.1904562,-0.003549400000000036
week,2016-05-19 00:00:00,1.2544782,,historical_city_aggregate,1.1869068,0.06757140000000006
week,2016-05-20 00:00:00,1.1889124,,historical_city_aggregate,1.2544782,-0.06556580000000012
week,2016-05-23 00:00:00,1.2242992,,historical_city_aggregate,1.1889124,0.03538679999999994
week,2016-05-24 00:00:00,1.3352291,,historical_city_aggregate,1.2242992,0.11092990000000014
week,2016-05-25 00:00:00,1.3764409,,historical_city_aggregate,1.3352291,0.04121179999999991
week,2016-05-26 00:00:00,1.3392145,,historical_city_aggregate,1.3764409,-0.03722639999999999
week,2016-05-27 00:00:00,1.2719171,,historical_city_aggregate,1.3392145,-0.06729739999999995
week,2016-05-30 00:00:00,1.2676458,,historical_city_aggregate,1.2719171,-0.004271300000000089
week,2016-05-31 00:00:00,1.2208647,,historical_city_aggregate,1.2676458,-0.04678110000000002
week,2016-06-01 00:00:00,1.3230921,,historical_city_aggregate,1.2208647,0.10222740000000008
week,2016-06-02 00:00:00,1.334861,,historical_city_aggregate,1.3230921,0.011768900000000082
week,2016-06-03 00:00:00,1.2764429,,historical_city_aggregate,1.334861,-0.05841810000000014
week,2016-06-06 00:00:00,1.1371984,,historical_city_aggregate,1.2764429,-0.1392445
week,2016-06-07 00:00:00,1.214529,,historical_city_aggregate,1.1371984,0.07733060000000003
week,2016-06-08 00:00:00,1.1751326,,historical_city_aggregate,1.214529,-0.0393964
week,2016-06-09 00:00:00,1.2162213,,historical_city_aggregate,1.1751326,0.04108869999999998
week,2016-06-10 00:00:00,1.1704944,,historical_city_aggregate,1.2162213,-0.045726900000000015
week,2016-06-13 00:00:00,1.3970243,,historical_city_aggregate,1.1704944,0.22652990000000006
week,2016-06-14 00:00:00,1.2971514,,historical_city_aggregate,1.3970243,-0.09987290000000004
week,2016-06-15 00:00:00,1.3367769,,historical_city_aggregate,1.2971514,0.03962550000000009
week,2016-06-16 00:00:00,1.1513306,,historical_city_aggregate,1.3367769,-0.18544629999999995
week,2016-06-17 00:00:00,1.249751,,historical_city_aggregate,1.1513306,0.09842039999999996
week,2016-06-20 00:00:00,1.2008938,,historical_city_aggregate,1.249751,-0.048857200000000045
week,2016-06-21 00:00:00,1.1092294,,historical_city_aggregate,1.2008938,-0.09166439999999998
week,2016-06-22 00:00:00,1.1024135,,historical_city_aggregate,1.1092294,-0.006815900000000097
week,2016-06-23 00:00:00,1.1267619,,historical_city_aggregate,1.1024135,0.024348400000000048
week,2016-06-24 00:00:00,1.0936993,,historical_city_aggregate,1.1267619,-0.03306260000000005
week,2016-06-27 00:00:00,1.0656142,,historical_city_aggregate,1.0936993,-0.028085099999999974
week,2016-06-28 00:00:00,1.1630598,,historical_city_aggregate,1.0656142,0.09744560000000013
week,2016-06-29 00:00:00,1.1789996,,historical_city_aggregate,1.1630598,0.01593979999999995
week,2016-06-30 00:00:00,1.250543,,historical_city_aggregate,1.1789996,0.07154339999999992
week,2016-07-01 00:00:00,1.2621604,,historical_city_aggregate,1.250543,0.0116174
week,2016-07-04 00:00:00,1.3851393,,historical_city_aggregate,1.2621604,0.12297890000000011
week,2016-07-05 00:00:00,1.3113551,,historical_city_aggregate,1.3851393,-0.07378419999999997
week,2016-07-06 00:00:00,1.3046606,,historical_city_aggregate,1.3113551,-0.006694500000000048
week,2016-07-07 00:00:00,1.2399582,,historical_city_aggregate,1.3046606,-0.06470240000000005
week,2016-07-08 00:00:00,1.2132807,,historical_city_aggregate,1.2399582,-0.02667749999999991
week,2016-07-11 00:00:00,1.1560036,,historical_city_aggregate,1.2132807,-0.05727710000000008
week,2016-07-12 00:00:00,1.2834808,,historical_city_aggregate,1.1560036,0.12747719999999996
week,2016-07-13 00:00:00,1.2681513,,historical_city_aggregate,1.2834808,-0.015329499999999996
week,2016-07-14 00:00:00,1.2534436,,historical_city_aggregate,1.2681513,-0.01470769999999999
week,2016-07-15 00:00:00,1.2648472,,historical_city_aggregate,1.2534436,0.011403599999999958
week,2016-07-18 00:00:00,1.1764939,,historical_city_aggregate,1.2648472,-0.08835329999999986
week,2016-07-19 00:00:00,1.2042581,,historical_city_aggregate,1.1764939,0.027764200000000017
week,2016-07-20 00:00:00,1.2859903,,historical_city_aggregate,1.2042581,0.08173219999999981
week,2016-07-21 00:00:00,1.2451402,,historical_city_aggregate,1.2859903,-0.04085009999999989
week,2016-07-22 00:00:00,1.1338271,,historical_city_aggregate,1.2451402,-0.11131310000000005
week,2016-07-25 00:00:00,1.2053662,,historical_city_aggregate,1.1338271,0.07153910000000008
week,2016-07-26 00:00:00,1.1404434,,historical_city_aggregate,1.2053662,-0.06492279999999995
week,2016-07-27 00:00:00,1.1344831,,historical_city_aggregate,1.1404434,-0.0059603000000001405
week,2016-07-28 00:00:00,1.1062732,,historical_city_aggregate,1.1344831,-0.02820990000000001
week,2016-07-29 00:00:00,1.2239705,,historical_city_aggregate,1.1062732,0.11769730000000012
week,2016-08-01 00:00:00,1.1142864,,historical_city_aggregate,1.2239705,-0.10968410000000017
week,2016-08-02 00:00:00,1.1659098,,historical_city_aggregate,1.1142864,0.05162340000000021
week,2016-08-03 00:00:00,1.2038841,,historical_city_aggregate,1.1659098,0.037974299999999905
week,2016-08-04 00:00:00,1.1785236,,historical_city_aggregate,1.2038841,-0.02536050000000012
week,2016-08-05 00:00:00,1.1372428,,historical_city_aggregate,1.1785236,-0.041280799999999784
week,2016-08-08 00:00:00,1.185001,,historical_city_aggregate,1.1372428,0.04775819999999986
week,2016-08-09 00:00:00,1.1702108,,historical_city_aggregate,1.185001,-0.014790199999999976
week,2016-08-10 00:00:00,1.1593924,,historical_city_aggregate,1.1702108,-0.010818400000000006
week,2016-08-11 00:00:00,1.186335,,historical_city_aggregate,1.1593924,0.026942599999999928
week,2016-08-12 00:00:00,1.2478162,,historical_city_aggregate,1.186335,0.061481200000000014
week,2016-08-15 00:00:00,1.3440905,,historical_city_aggregate,1.2478162,0.09627430000000015
week,2016-08-16 00:00:00,1.3435463,,historical_city_aggregate,1.3440905,-0.0005441999999999947
week,2016-08-17 00:00:00,1.3527144,,historical_city_aggregate,1.3435463,0.009168099999999901
week,2016-08-18 00:00:00,1.3628456,,historical_city_aggregate,1.3527144,0.010131200000000007
week,2016-08-19 00:00:00,1.362757,,historical_city_aggregate,1.3628456,-8.859999999999424e-05
week,2016-08-22 00:00:00,1.1434474,,historical_city_aggregate,1.362757,-0.2193096000000001
week,2016-08-23 00:00:00,1.2142137,,historical_city_aggregate,1.1434474,0.07076630000000006
week,2016-08-24 00:00:00,1.2242109,,historical_city_aggregate,1.2142137,0.00999720000000015
week,2016-08-25 00:00:00,1.1903698,,historical_city_aggregate,1.2242109,-0.03384110000000007
week,2016-08-26 00:00:00,1.179872,,historical_city_aggregate,1.1903698,-0.010497800000000002
week,2016-08-29 00:00:00,1.1534731,,historical_city_aggregate,1.179872,-0.026398900000000003
week,2016-08-30 00:00:00,1.257728,,historical_city_aggregate,1.1534731,0.10425489999999993
week,2016-08-31 00:00:00,1.2421865,,historical_city_aggregate,1.257728,-0.015541499999999875
week,2016-09-01 00:00:00,1.2181666,,historical_city_aggregate,1.2421865,-0.024019900000000094
week,2016-09-02 00:00:00,1.2534741,,historical_city_aggregate,1.2181666,0.03530750000000005
week,2016-09-05 00:00:00,1.2465743,,historical_city_aggregate,1.2534741,-0.0068998000000000115
week,2016-09-06 00:00:00,1.1803841,,historical_city_aggregate,1.2465743,-0.06619020000000009
week,2016-09-07 00:00:00,1.1955198,,historical_city_aggregate,1.1803841,0.015135700000000085
week,2016-09-08 00:00:00,1.2951969,,historical_city_aggregate,1.1955198,0.09967710000000007
week,2016-09-09 00:00:00,1.2321729,,historical_city_aggregate,1.2951969,-0.06302400000000019
week,2016-09-12 00:00:00,1.1589429,,historical_city_aggregate,1.2321729,-0.0732299999999999
week,2016-09-13 00:00:00,1.2933659,,historical_city_aggregate,1.1589429,0.13442299999999996
week,2016-09-14 00:00:00,1.254948,,historical_city_aggregate,1.2933659,-0.038417900000000005
week,2016-09-15 00:00:00,1.193472,,historical_city_aggregate,1.254948,-0.061475999999999864
week,2016-09-16 00:00:00,1.2607376,,historical_city_aggregate,1.193472,0.06726559999999981
week,2016-09-19 00:00:00,1.3928467,,historical_city_aggregate,1.2607376,0.1321091000000001
week,2016-09-20 00:00:00,1.3003341,,historical_city_aggregate,1.3928467,-0.09251260000000006
week,2016-09-21 00:00:00,1.2710235,,historical_city_aggregate,1.3003341,-0.029310599999999853
week,2016-09-22 00:00:00,1.2627065,,historical_city_aggregate,1.2710235,-0.00831700000000013
week,2016-09-23 00:00:00,1.2671981,,historical_city_aggregate,1.2627065,0.004491600000000151
week,2016-09-26 00:00:00,1.0527179,,historical_city_aggregate,1.2671981,-0.21448020000000012
week,2016-09-27 00:00:00,1.073574,,historical_city_aggregate,1.0527179,0.020856100000000044
week,2016-09-28 00:00:00,1.2198342,,historical_city_aggregate,1.073574,0.14626019999999995
week,2016-09-29 00:00:00,1.2720881,,historical_city_aggregate,1.2198342,0.052253899999999964
week,2016-09-30 00:00:00,1.2933308,,historical_city_aggregate,1.2720881,0.021242699999999948
week,2016-10-03 00:00:00,1.3688495,,historical_city_aggregate,1.2933308,0.07551870000000016
week,2016-10-04 00:00:00,1.3166931,,historical_city_aggregate,1.3688495,-0.0521564000000001
week,2016-10-05 00:00:00,1.146892,,historical_city_aggregate,1.3166931,-0.16980109999999993
week,2016-10-06 00:00:00,1.1129328,,historical_city_aggregate,1.146892,-0.03395919999999997
week,2016-10-07 00:00:00,1.10218,,historical_city_aggregate,1.1129328,-0.010752800000000118
week,2016-10-10 00:00:00,1.0994613,,historical_city_aggregate,1.10218,-0.002718699999999963
week,2016-10-11 00:00:00,1.1008678,,historical_city_aggregate,1.0994613,0.0014065000000000882
week,2016-10-12 00:00:00,1.1069427,,historical_city_aggregate,1.1008678,0.006074899999999994
week,2016-10-13 00:00:00,1.1040887,,historical_city_aggregate,1.1069427,-0.002854000000000134
week,2016-10-14 00:00:00,1.1552411,,historical_city_aggregate,1.1040887,0.0511524000000001
week,2016-10-17 00:00:00,1.2608533,,historical_city_aggregate,1.1552411,0.10561219999999993
week,2016-10-18 00:00:00,1.3051405,,historical_city_aggregate,1.2608533,0.04428720000000008
week,2016-10-19 00:00:00,1.1939151,,historical_city_aggregate,1.3051405,-0.11122540000000014
week,2016-10-20 00:00:00,1.1545774,,historical_city_aggregate,1.1939151,-0.03933769999999992
week,2016-10-21 00:00:00,1.1430784,,historical_city_aggregate,1.1545774,-0.011498999999999926
week,2016-10-24 00:00:00,1.1735249,,historical_city_aggregate,1.1430784,0.030446500000000043
week,2016-10-25 00:00:00,1.2982221,,historical_city_aggregate,1.1735249,0.12469719999999995
week,2016-10-26 00:00:00,1.2434685,,historical_city_aggregate,1.2982221,-0.05475359999999996
week,2016-10-27 00:00:00,1.2154658,,historical_city_aggregate,1.2434685,-0.028002700000000047
week,2016-10-28 00:00:00,1.2229699,,historical_city_aggregate,1.2154658,0.0075041000000000135
week,2016-10-31 00:00:00,1.2495369,,historical_city_aggregate,1.2229699,0.026567000000000007
week,2016-11-01 00:00:00,1.2859254,,historical_city_aggregate,1.2495369,0.036388499999999935
week,2016-11-02 00:00:00,1.2295887,,historical_city_aggregate,1.2859254,-0.056336699999999906
week,2016-11-03 00:00:00,1.2170376,,historical_city_aggregate,1.2295887,-0.012551100000000037
week,2016-11-04 00:00:00,1.3167973,,historical_city_aggregate,1.2170376,0.0997596999999999
week,2016-11-07 00:00:00,1.1137562,,historical_city_aggregate,1.3167973,-0.20304109999999986
week,2016-11-08 00:00:00,1.1770682,,historical_city_aggregate,1.1137562,0.06331199999999981
week,2016-11-09 00:00:00,1.2009865,,historical_city_aggregate,1.1770682,0.02391830000000006
week,2016-11-10 00:00:00,1.1771865,,historical_city_aggregate,1.2009865,-0.023800000000000043
week,2016-11-11 00:00:00,1.2009977,,historical_city_aggregate,1.1771865,0.023811200000000143
week,2016-11-14 00:00:00,1.3872867,,historical_city_aggregate,1.2009977,0.18628899999999993
week,2016-11-15 00:00:00,1.2313573,,historical_city_aggregate,1.3872867,-0.1559294
week,2016-11-16 00:00:00,1.3147247,,historical_city_aggregate,1.2313573,0.08336739999999998
week,2016-11-17 00:00:00,1.2993903,,historical_city_aggregate,1.3147247,-0.01533439999999997
week,2016-11-18 00:00:00,1.2879368,,historical_city_aggregate,1.2993903,-0.011453500000000005
week,2016-11-21 00:00:00,1.2256671,,historical_city_aggregate,1.2879368,-0.062269700000000094
week,2016-11-22 00:00:00,1.2354137,,historical_city_aggregate,1.2256671,0.00974660000000016
week,2016-11-23 00:00:00,1.2076933,,historical_city_aggregate,1.2354137,-0.02772039999999998
week,2016-11-24 00:00:00,1.2410767,,historical_city_aggregate,1.2076933,0.03338339999999995
week,2016-11-25 00:00:00,1.2269369,,historical_city_aggregate,1.2410767,-0.014139799999999925
week,2016-11-28 00:00:00,1.1772045,,historical_city_aggregate,1.2269369,-0.04973240000000012
week,2016-11-29 00:00:00,1.2181709,,historical_city_aggregate,1.1772045,0.04096640000000007
week,2016-11-30 00:00:00,1.260667,,historical_city_aggregate,1.2181709,0.042496099999999926
week,2016-12-01 00:00:00,1.2183924,,historical_city_aggregate,1.260667,-0.04227460000000005
week,2016-12-02 00:00:00,1.2012726,,historical_city_aggregate,1.2183924,-0.017119799999999907
week,2016-12-05 00:00:00,1.1359613,,historical_city_aggregate,1.2012726,-0.06531130000000007
week,2016-12-06 00:00:00,1.2081514,,historical_city_aggregate,1.1359613,0.07219010000000003
week,2016-12-07 00:00:00,1.2007023,,historical_city_aggregate,1.2081514,-0.007449100000000097
week,2016-12-08 00:00:00,1.1886037,,historical_city_aggregate,1.2007023,-0.012098599999999848
week,2016-12-09 00:00:00,1.2191172,,historical_city_aggregate,1.1886037,0.03051349999999986
week,2016-12-12 00:00:00,1.1156665,,historical_city_aggregate,1.2191172,-0.1034507
week,2016-12-13 00:00:00,1.0833124,,historical_city_aggregate,1.1156665,-0.03235409999999983
week,2016-12-14 00:00:00,1.1605535,,historical_city_aggregate,1.0833124,0.07724109999999995
week,2016-12-15 00:00:00,1.1434623,,historical_city_aggregate,1.1605535,-0.017091200000000084
week,2016-12-16 00:00:00,1.175579,,historical_city_aggregate,1.1434623,0.0321167
week,2016-12-19 00:00:00,1.2782099,,historical_city_aggregate,1.175579,0.10263090000000008
week,2016-12-20 00:00:00,1.2695857,,historical_city_aggregate,1.2782099,-0.008624200000000082
week,2016-12-21 00:00:00,1.2216564,,historical_city_aggregate,1.2695857,-0.04792929999999984
week,2016-12-22 00:00:00,1.2614109,,historical_city_aggregate,1.2216564,0.039754499999999915
week,2016-12-23 00:00:00,1.201399,,historical_city_aggregate,1.2614109,-0.060011899999999896
week,2016-12-26 00:00:00,1.2234445,,historical_city_aggregate,1.201399,0.02204549999999994
week,2016-12-27 00:00:00,1.2255404,,historical_city_aggregate,1.2234445,0.0020959000000000394
week,2016-12-28 00:00:00,1.1109403,,historical_city_aggregate,1.2255404,-0.1146001000000001
week,2016-12-29 00:00:00,1.3332274,,historical_city_aggregate,1.1109403,0.22228709999999996
week,2016-12-30 00:00:00,1.404874,,historical_city_aggregate,1.3332274,0.0716466
week,2017-01-02 00:00:00,1.311952,,historical_city_aggregate,1.404874,-0.09292199999999995
week,2017-01-03 00:00:00,1.313384,,historical_city_aggregate,1.311952,0.0014320000000000999
week,2017-01-04 00:00:00,1.3608752,,historical_city_aggregate,1.313384,0.047491199999999845
week,2017-01-05 00:00:00,1.4458329,,historical_city_aggregate,1.3608752,0.08495770000000014
week,2017-01-06 00:00:00,1.2784374,,historical_city_aggregate,1.4458329,-0.16739550000000003
week,2017-01-09 00:00:00,1.0584548,,historical_city_aggregate,1.2784374,-0.21998260000000003
week,2017-01-10 00:00:00,1.0707211,,historical_city_aggregate,1.0584548,0.012266300000000063
week,2017-01-11 00:00:00,1.0602063,,historical_city_aggregate,1.0707211,-0.010514800000000157
week,2017-01-12 00:00:00,1.0733122,,historical_city_aggregate,1.0602063,0.013105900000000004
week,2017-01-13 00:00:00,1.4217697,,historical_city_aggregate,1.0733122,0.3484575000000001
week,2017-01-16 00:00:00,1.4016125,,historical_city_aggregate,1.4217697,-0.020157200000000097
week,2017-01-17 00:00:00,1.2678623,,historical_city_aggregate,1.4016125,-0.13375019999999993
week,2017-01-18 00:00:00,1.1382084,,historical_city_aggregate,1.2678623,-0.1296539000000001
week,2017-01-19 00:00:00,1.2152072,,historical_city_aggregate,1.1382084,0.07699880000000014
week,2017-01-20 00:00:00,1.2301958,,historical_city_aggregate,1.2152072,0.014988599999999908
week,2017-01-23 00:00:00,1.1960011,,historical_city_aggregate,1.2301958,-0.03419470000000002
week,2017-01-24 00:00:00,1.3589697,,historical_city_aggregate,1.1960011,0.16296860000000013
week,2017-01-25 00:00:00,1.3717398,,historical_city_aggregate,1.3589697,0.012770100000000006
week,2017-01-26 00:00:00,1.3072834,,historical_city_aggregate,1.3717398,-0.06445640000000008
week,2017-01-27 00:00:00,1.289732,,historical_city_aggregate,1.3072834,-0.017551399999999884
week,2017-01-30 00:00:00,1.1298645,,historical_city_aggregate,1.289732,-0.15986750000000005
week,2017-01-31 00:00:00,1.1097753,,historical_city_aggregate,1.1298645,-0.02008920000000014
week,2017-02-01 00:00:00,1.1085982,,historical_city_aggregate,1.1097753,-0.00117709999999982
week,2017-02-02 00:00:00,1.1084982,,historical_city_aggregate,1.1085982,-9.999999999998899e-05
week,2017-02-03 00:00:00,1.1215818,,historical_city_aggregate,1.1084982,0.013083599999999862
week,2017-02-06 00:00:00,1.1736888,,historical_city_aggregate,1.1215818,0.052107000000000125
week,2017-02-07 00:00:00,1.3250926,,historical_city_aggregate,1.1736888,0.15140379999999998
week,2017-02-08 00:00:00,1.4529518,,historical_city_aggregate,1.3250926,0.12785919999999984
week,2017-02-09 00:00:00,1.4110431,,historical_city_aggregate,1.4529518,-0.0419086999999998
week,2017-02-10 00:00:00,1.4205072,,historical_city_aggregate,1.4110431,0.009464099999999975
week,2017-02-13 00:00:00,1.4960492,,historical_city_aggregate,1.4205072,0.075542
week,2017-02-14 00:00:00,1.3589453,,historical_city_aggregate,1.4960492,-0.13710390000000006
week,2017-02-15 00:00:00,1.5198657,,historical_city_aggregate,1.3589453,0.16092039999999996
week,2017-02-16 00:00:00,1.4359225,,historical_city_aggregate,1.5198657,-0.0839432
week,2017-02-17 00:00:00,1.42882,,historical_city_aggregate,1.4359225,-0.007102500000000012
week,2017-02-20 00:00:00,1.2010165,,historical_city_aggregate,1.42882,-0.22780350000000005
week,2017-02-21 00:00:00,1.2638947,,historical_city_aggregate,1.2010165,0.0628782000000001
week,2017-02-22 00:00:00,1.2585655,,historical_city_aggregate,1.2638947,-0.005329200000000034
week,2017-02-23 00:00:00,1.3126755,,historical_city_aggregate,1.2585655,0.0541100000000001
week,2017-02-24 00:00:00,1.2433511,,historical_city_aggregate,1.3126755,-0.06932440000000017
week,2017-02-27 00:00:00,1.2139031,,historical_city_aggregate,1.2433511,-0.02944799999999992
week,2017-02-28 00:00:00,1.1452578,,historical_city_aggregate,1.2139031,-0.06864530000000002
week,2017-03-01 00:00:00,1.0335196,,historical_city_aggregate,1.1452578,-0.11173820000000001
week,2017-03-02 00:00:00,1.0610052,,historical_city_aggregate,1.0335196,0.02748560000000011
week,2017-03-03 00:00:00,1.1506231,,historical_city_aggregate,1.0610052,0.08961789999999992
week,2017-03-06 00:00:00,1.2017587,,historical_city_aggregate,1.1506231,0.05113560000000006
week,2017-03-07 00:00:00,1.2775552,,historical_city_aggregate,1.2017587,0.07579649999999982
week,2017-03-08 00:00:00,1.3986232,,historical_city_aggregate,1.2775552,0.12106800000000018
week,2017-03-09 00:00:00,1.3248044,,historical_city_aggregate,1.3986232,-0.07381879999999996
week,2017-03-10 00:00:00,1.2746564,,historical_city_aggregate,1.3248044,-0.05014800000000008
week,2017-03-13 00:00:00,1.2654523,,historical_city_aggregate,1.2746564,-0.009204100000000048
week,2017-03-14 00:00:00,1.2860283,,historical_city_aggregate,1.2654523,0.020575999999999928
week,2017-03-15 00:00:00,1.1835781,,historical_city_aggregate,1.2860283,-0.10245019999999982
week,2017-03-16 00:00:00,1.2422189,,historical_city_aggregate,1.1835781,0.058640799999999826
week,2017-03-17 00:00:00,1.2247224,,historical_city_aggregate,1.2422189,-0.017496499999999804
week,2017-03-20 00:00:00,1.1586513,,historical_city_aggregate,1.2247224,-0.06607110000000005
week,2017-03-21 00:00:00,1.1663906,,historical_city_aggregate,1.1586513,0.0077392999999998935
week,2017-03-22 00:00:00,1.1467665,,historical_city_aggregate,1.1663906,-0.019624099999999922
week,2017-03-23 00:00:00,1.1370963,,historical_city_aggregate,1.1467665,-0.009670199999999962
week,2017-03-24 00:00:00,1.1269093,,historical_city_aggregate,1.1370963,-0.010187000000000168
week,2017-03-27 00:00:00,1.130601,,historical_city_aggregate,1.1269093,0.0036917000000000755
week,2017-03-28 00:00:00,1.1710559,,historical_city_aggregate,1.130601,0.04045490000000007
week,2017-03-29 00:00:00,1.1386035,,historical_city_aggregate,1.1710559,-0.03245239999999994
week,2017-03-30 00:00:00,1.0924369,,historical_city_aggregate,1.1386035,-0.04616660000000006
week,2017-03-31 00:00:00,1.0782248,,historical_city_aggregate,1.0924369,-0.01421209999999995
week,2017-04-03 00:00:00,1.1232641,,historical_city_aggregate,1.0782248,0.045039300000000004
week,2017-04-04 00:00:00,1.0971386,,historical_city_aggregate,1.1232641,-0.026125500000000024
week,2017-04-05 00:00:00,1.1646953,,historical_city_aggregate,1.0971386,0.06755669999999991
week,2017-04-06 00:00:00,1.2361863,,historical_city_aggregate,1.1646953,0.07149099999999997
week,2017-04-07 00:00:00,1.2292132,,historical_city_aggregate,1.2361863,-0.006973099999999954
week,2017-04-10 00:00:00,1.1753242,,historical_city_aggregate,1.2292132,-0.053889000000000076
week,2017-04-11 00:00:00,1.2397948,,historical_city_aggregate,1.1753242,0.06447060000000016
week,2017-04-12 00:00:00,1.1445021,,historical_city_aggregate,1.2397948,-0.09529270000000012
week,2017-04-13 00:00:00,1.1218407,,historical_city_aggregate,1.1445021,-0.022661400000000054
week,2017-04-14 00:00:00,1.0981859,,historical_city_aggregate,1.1218407,-0.023654799999999865
week,2017-04-17 00:00:00,1.060748,,historical_city_aggregate,1.0981859,-0.037437900000000024
week,2017-04-18 00:00:00,1.030562,,historical_city_aggregate,1.060748,-0.030186000000000046
week,2017-04-19 00:00:00,1.1634807,,historical_city_aggregate,1.030562,0.13291870000000006
week,2017-04-20 00:00:00,1.1584439,,historical_city_aggregate,1.1634807,-0.0050368000000000634
week,2017-04-21 00:00:00,1.1997431,,historical_city_aggregate,1.1584439,0.04129920000000009
week,2017-04-24 00:00:00,1.1453313,,historical_city_aggregate,1.1997431,-0.05441180000000001
week,2017-04-25 00:00:00,1.2159922,,historical_city_aggregate,1.1453313,0.07066090000000003
week,2017-04-26 00:00:00,1.1694057,,historical_city_aggregate,1.2159922,-0.046586500000000086
week,2017-04-27 00:00:00,1.1271652,,historical_city_aggregate,1.1694057,-0.0422404999999999
week,2017-04-28 00:00:00,1.1190741,,historical_city_aggregate,1.1271652,-0.008091100000000129
week,2017-05-01 00:00:00,1.1105192,,historical_city_aggregate,1.1190741,-0.008554900000000032
week,2017-05-02 00:00:00,1.2153162,,historical_city_aggregate,1.1105192,0.10479700000000003
week,2017-05-03 00:00:00,1.2304498,,historical_city_aggregate,1.2153162,0.01513359999999997
week,2017-05-04 00:00:00,1.2119384,,historical_city_aggregate,1.2304498,-0.018511399999999956
week,2017-05-05 00:00:00,1.176896,,historical_city_aggregate,1.2119384,-0.03504240000000003
week,2017-05-08 00:00:00,1.1994924,,historical_city_aggregate,1.176896,0.022596400000000072
week,2017-05-09 00:00:00,1.1426141,,historical_city_aggregate,1.1994924,-0.05687829999999994
week,2017-05-10 00:00:00,1.1140243,,historical_city_aggregate,1.1426141,-0.0285898
week,2017-05-11 00:00:00,1.0905452,,historical_city_aggregate,1.1140243,-0.023479100000000086
week,2017-05-12 00:00:00,1.0726701,,historical_city_aggregate,1.0905452,-0.01787509999999992
week,2017-05-15 00:00:00,1.1179329,,historical_city_aggregate,1.0726701,0.045262799999999936
week,2017-05-16 00:00:00,1.1115099,,historical_city_aggregate,1.1179329,-0.0064230000000000675
week,2017-05-17 00:00:00,1.1328128,,historical_city_aggregate,1.1115099,0.021302900000000013
week,2017-05-18 00:00:00,1.1054332,,historical_city_aggregate,1.1328128,-0.02737959999999995
week,2017-05-19 00:00:00,1.1065012,,historical_city_aggregate,1.1054332,0.001068000000000069
week,2017-05-22 00:00:00,1.0588092,,historical_city_aggregate,1.1065012,-0.04769200000000007
week,2017-05-23 00:00:00,1.0627994,,historical_city_aggregate,1.0588092,0.003990200000000055
week,2017-05-24 00:00:00,1.0887162,,historical_city_aggregate,1.0627994,0.02591679999999985
week,2017-05-25 00:00:00,1.1030484,,historical_city_aggregate,1.0887162,0.014332200000000128
week,2017-05-26 00:00:00,1.0874776,,historical_city_aggregate,1.1030484,-0.015570800000000107
week,2017-05-29 00:00:00,1.1098816,,historical_city_aggregate,1.0874776,0.02240400000000009
week,2017-05-30 00:00:00,1.0902846,,historical_city_aggregate,1.1098816,-0.019597000000000087
week,2017-05-31 00:00:00,1.219581,,historical_city_aggregate,1.0902846,0.1292964000000001
week,2017-06-01 00:00:00,1.1919242,,historical_city_aggregate,1.219581,-0.027656799999999926
week,2017-06-02 00:00:00,1.1841355,,historical_city_aggregate,1.1919242,-0.007788700000000093
week,2017-06-05 00:00:00,1.08059,,historical_city_aggregate,1.1841355,-0.10354550000000007
week,2017-06-06 00:00:00,1.1232345,,historical_city_aggregate,1.08059,0.042644499999999974
week,2017-06-07 00:00:00,1.1608154,,historical_city_aggregate,1.1232345,0.03758090000000003
week,2017-06-08 00:00:00,1.0697846,,historical_city_aggregate,1.1608154,-0.09103079999999997
week,2017-06-09 00:00:00,1.0822862,,historical_city_aggregate,1.0697846,0.012501600000000002
week,2017-06-12 00:00:00,1.0697533,,historical_city_aggregate,1.0822862,-0.012532900000000069
week,2017-06-13 00:00:00,1.0372728,,historical_city_aggregate,1.0697533,-0.03248049999999991
week,2017-06-14 00:00:00,1.0392743,,historical_city_aggregate,1.0372728,0.0020014999999999894
week,2017-06-15 00:00:00,1.0897249,,historical_city_aggregate,1.0392743,0.05045060000000001
week,2017-06-16 00:00:00,1.0638197,,historical_city_aggregate,1.0897249,-0.02590519999999996
week,2017-06-19 00:00:00,1.0752673,,historical_city_aggregate,1.0638197,0.011447599999999891
week,2017-06-20 00:00:00,1.194151,,historical_city_aggregate,1.0752673,0.11888370000000004
week,2017-06-21 00:00:00,1.0962881,,historical_city_aggregate,1.194151,-0.09786289999999997
week,2017-06-22 00:00:00,1.0828974,,historical_city_aggregate,1.0962881,-0.013390699999999978
week,2017-06-23 00:00:00,1.0827366,,historical_city_aggregate,1.0828974,-0.00016079999999996097
week,2017-06-26 00:00:00,1.0656457,,historical_city_aggregate,1.0827366,-0.01709090000000013
week,2017-06-27 00:00:00,1.0530502,,historical_city_aggregate,1.0656457,-0.012595499999999982
week,2017-06-28 00:00:00,1.0602828,,historical_city_aggregate,1.0530502,0.0072326000000000334
week,2017-06-29 00:00:00,1.0539422,,historical_city_aggregate,1.0602828,-0.0063405999999999185
week,2017-06-30 00:00:00,1.1372528,,historical_city_aggregate,1.0539422,0.0833105999999999
week,2017-07-03 00:00:00,1.2016486,,historical_city_aggregate,1.1372528,0.0643958
week,2017-07-04 00:00:00,1.1250334,,historical_city_aggregate,1.2016486,-0.0766152
week,2017-07-05 00:00:00,1.1774813,,historical_city_aggregate,1.1250334,0.05244789999999999
week,2017-07-06 00:00:00,1.205868,,historical_city_aggregate,1.1774813,0.028386699999999987
week,2017-07-07 00:00:00,1.074455,,historical_city_aggregate,1.205868,-0.131413
week,2017-07-10 00:00:00,1.1009635,,historical_city_aggregate,1.074455,0.026508500000000046
week,2017-07-11 00:00:00,1.0845563,,historical_city_aggregate,1.1009635,-0.016407199999999955
week,2017-07-12 00:00:00,1.1439147,,historical_city_aggregate,1.0845563,0.05935840000000003
week,2017-07-13 00:00:00,1.1808401,,historical_city_aggregate,1.1439147,0.036925399999999886
week,2017-07-14 00:00:00,1.1567549,,historical_city_aggregate,1.1808401,-0.02408520000000003
week,2017-07-17 00:00:00,1.200947,,historical_city_aggregate,1.1567549,0.04419210000000007
week,2017-07-18 00:00:00,1.2726767,,historical_city_aggregate,1.200947,0.07172970000000012
week,2017-07-19 00:00:00,1.2034662,,historical_city_aggregate,1.2726767,-0.06921050000000006
week,2017-07-20 00:00:00,1.2355389,,historical_city_aggregate,1.2034662,0.032072700000000065
week,2017-07-21 00:00:00,1.1653695,,historical_city_aggregate,1.2355389,-0.07016940000000016
week,2017-07-24 00:00:00,1.3583955,,historical_city_aggregate,1.1653695,0.19302600000000014
week,2017-07-25 00:00:00,1.3964954,,historical_city_aggregate,1.3583955,0.038099899999999964
week,2017-07-26 00:00:00,1.5804793,,historical_city_aggregate,1.3964954,0.18398389999999987
week,2017-07-27 00:00:00,1.9864089,,historical_city_aggregate,1.5804793,0.4059296000000001
week,2017-07-28 00:00:00,1.5409872,,historical_city_aggregate,1.9864089,-0.44542170000000003
week,2017-07-31 00:00:00,1.202681,,historical_city_aggregate,1.5409872,-0.3383062000000001
week,2017-08-01 00:00:00,1.1831494,,historical_city_aggregate,1.202681,-0.01953159999999987
week,2017-08-02 00:00:00,1.1837461,,historical_city_aggregate,1.1831494,0.0005967000000000056
week,2017-08-03 00:00:00,1.1500172,,historical_city_aggregate,1.1837461,-0.03372890000000006
week,2017-08-04 00:00:00,1.3029864,,historical_city_aggregate,1.1500172,0.15296920000000003
week,2017-08-07 00:00:00,1.6097693,,historical_city_aggregate,1.3029864,0.30678289999999997
week,2017-08-08 00:00:00,1.6149067,,historical_city_aggregate,1.6097693,0.005137399999999959
week,2017-08-09 00:00:00,1.5717223,,historical_city_aggregate,1.6149067,-0.0431843999999999
week,2017-08-10 00:00:00,1.4833442,,historical_city_aggregate,1.5717223,-0.08837810000000013
week,2017-08-11 00:00:00,1.4615707,,historical_city_aggregate,1.4833442,-0.02177349999999989
week,2017-08-14 00:00:00,1.0853422,,historical_city_aggregate,1.4615707,-0.3762285000000001
week,2017-08-15 00:00:00,1.1056554,,historical_city_aggregate,1.0853422,0.020313200000000142
week,2017-08-16 00:00:00,1.0806878,,historical_city_aggregate,1.1056554,-0.02496760000000009
week,2017-08-17 00:00:00,1.1443397,,historical_city_aggregate,1.0806878,0.06365189999999998
week,2017-08-18 00:00:00,1.1215464,,historical_city_aggregate,1.1443397,-0.022793300000000016
week,2017-08-21 00:00:00,1.2332054,,historical_city_aggregate,1.1215464,0.11165899999999995
week,2017-08-22 00:00:00,1.3073081,,historical_city_aggregate,1.2332054,0.07410270000000008
week,2017-08-23 00:00:00,1.2085253,,historical_city_aggregate,1.3073081,-0.09878279999999995
week,2017-08-24 00:00:00,1.2431328,,historical_city_aggregate,1.2085253,0.0346074999999999
week,2017-08-25 00:00:00,1.223427,,historical_city_aggregate,1.2431328,-0.019705799999999885
week,2017-08-28 00:00:00,1.9108606,,historical_city_aggregate,1.223427,0.6874335999999999
week,2017-08-29 00:00:00,1.8915304,,historical_city_aggregate,1.9108606,-0.019330199999999964
week,2017-08-30 00:00:00,1.2755974,,historical_city_aggregate,1.8915304,-0.6159329999999998
week,2017-08-31 00:00:00,1.2391393,,historical_city_aggregate,1.2755974,-0.03645810000000016
week,2017-09-01 00:00:00,1.167659,,historical_city_aggregate,1.2391393,-0.07148029999999994
week,2017-09-04 00:00:00,1.1853491,,historical_city_aggregate,1.167659,0.017690100000000042
week,2017-09-05 00:00:00,1.2829516,,historical_city_aggregate,1.1853491,0.09760250000000004
week,2017-09-06 00:00:00,1.5568796,,historical_city_aggregate,1.2829516,0.27392799999999995
week,2017-09-07 00:00:00,1.3883991,,historical_city_aggregate,1.5568796,-0.16848050000000003
week,2017-09-08 00:00:00,1.3704923,,historical_city_aggregate,1.3883991,-0.0179068
week,2017-09-11 00:00:00,1.3085116,,historical_city_aggregate,1.3704923,-0.06198069999999989
week,2017-09-12 00:00:00,1.1308151,,historical_city_aggregate,1.3085116,-0.17769650000000015
week,2017-09-13 00:00:00,1.1443128,,historical_city_aggregate,1.1308151,0.013497700000000057
week,2017-09-14 00:00:00,1.1358289,,historical_city_aggregate,1.1443128,-0.0084839000000001
week,2017-09-15 00:00:00,1.1637689,,historical_city_aggregate,1.1358289,0.027940000000000076
week,2017-09-18 00:00:00,1.0344785,,historical_city_aggregate,1.1637689,-0.12929039999999992
week,2017-09-19 00:00:00,1.0136909,,historical_city_aggregate,1.0344785,-0.020787600000000017
week,2017-09-20 00:00:00,1.000406,,historical_city_aggregate,1.0136909,-0.013284900000000155
week,2017-09-21 00:00:00,0.9898115,,historical_city_aggregate,1.000406,-0.010594499999999951
week,2017-09-22 00:00:00,0.9964401,,historical_city_aggregate,0.9898115,0.0066286000000000955
week,2017-09-25 00:00:00,1.0491797,,historical_city_aggregate,0.9964401,0.0527396
week,2017-09-26 00:00:00,1.2219165,,historical_city_aggregate,1.0491797,0.17273680000000002
week,2017-09-27 00:00:00,1.123477,,historical_city_aggregate,1.2219165,-0.09843950000000001
week,2017-09-28 00:00:00,1.1296036,,historical_city_aggregate,1.123477,0.006126599999999982
week,2017-09-29 00:00:00,1.1974494,,historical_city_aggregate,1.1296036,0.06784579999999996
week,2017-10-02 00:00:00,1.1031799,,historical_city_aggregate,1.1974494,-0.0942695
week,2017-10-03 00:00:00,1.1602091,,historical_city_aggregate,1.1031799,0.05702920000000011
week,2017-10-04 00:00:00,1.1454497,,historical_city_aggregate,1.1602091,-0.0147594000000002
week,2017-10-05 00:00:00,1.1567347,,historical_city_aggregate,1.1454497,0.01128499999999999
week,2017-10-06 00:00:00,1.1763856,,historical_city_aggregate,1.1567347,0.019650900000000027
week,2017-10-09 00:00:00,1.0638487,,historical_city_aggregate,1.1763856,-0.11253689999999983
week,2017-10-10 00:00:00,1.1336949,,historical_city_aggregate,1.0638487,0.06984619999999997
week,2017-10-11 00:00:00,1.081811,,historical_city_aggregate,1.1336949,-0.05188389999999998
week,2017-10-12 00:00:00,1.0963325,,historical_city_aggregate,1.081811,0.014521499999999854
week,2017-10-13 00:00:00,1.0985248,,historical_city_aggregate,1.0963325,0.002192300000000147
week,2017-10-16 00:00:00,1.1862113,,historical_city_aggregate,1.0985248,0.0876865
week,2017-10-17 00:00:00,1.1573016,,historical_city_aggregate,1.1862113,-0.028909700000000038
week,2017-10-18 00:00:00,1.2043632,,historical_city_aggregate,1.1573016,0.047061599999999926
week,2017-10-19 00:00:00,1.3183293,,historical_city_aggregate,1.2043632,0.11396610000000007
week,2017-10-20 00:00:00,1.3764705,,historical_city_aggregate,1.3183293,0.05814119999999989
week,2017-10-23 00:00:00,1.2245865,,historical_city_aggregate,1.3764705,-0.1518839999999999
week,2017-10-24 00:00:00,1.1504214,,historical_city_aggregate,1.2245865,-0.0741651000000001
week,2017-10-25 00:00:00,1.2383486,,historical_city_aggregate,1.1504214,0.08792719999999998
week,2017-10-26 00:00:00,0.9868237,,historical_city_aggregate,1.2383486,-0.25152489999999994
week,2017-10-27 00:00:00,1.2603316,,historical_city_aggregate,0.9868237,0.2735079
week,2017-10-30 00:00:00,1.1010173,,historical_city_aggregate,1.2603316,-0.1593142999999999
week,2017-10-31 00:00:00,1.2173272,,historical_city_aggregate,1.1010173,0.11630989999999986
week,2017-11-01 00:00:00,1.1974694,,historical_city_aggregate,1.2173272,-0.019857800000000037
week,2017-11-02 00:00:00,1.2110601,,historical_city_aggregate,1.1974694,0.013590700000000178
week,2017-11-03 00:00:00,1.1444699,,historical_city_aggregate,1.2110601,-0.06659020000000004
week,2017-11-06 00:00:00,1.473383,,historical_city_aggregate,1.1444699,0.32891310000000007
week,2017-11-07 00:00:00,1.3267759,,historical_city_aggregate,1.473383,-0.1466071000000002
week,2017-11-08 00:00:00,1.3107816,,historical_city_aggregate,1.3267759,-0.015994299999999795
week,2017-11-09 00:00:00,1.3174829,,historical_city_aggregate,1.3107816,0.006701299999999799
week,2017-11-10 00:00:00,1.303839,,historical_city_aggregate,1.3174829,-0.013643899999999931
week,2017-11-13 00:00:00,1.2873958,,historical_city_aggregate,1.303839,-0.01644319999999988
week,2017-11-14 00:00:00,1.2964951,,historical_city_aggregate,1.2873958,0.009099299999999921
week,2017-11-15 00:00:00,1.1858689,,historical_city_aggregate,1.2964951,-0.11062620000000001
week,2017-11-16 00:00:00,1.2133277,,historical_city_aggregate,1.1858689,0.027458800000000005
week,2017-11-17 00:00:00,1.3713488,,historical_city_aggregate,1.2133277,0.15802110000000003
week,2017-11-20 00:00:00,1.3085634,,historical_city_aggregate,1.3713488,-0.0627854000000001
week,2017-11-21 00:00:00,1.1931163,,historical_city_aggregate,1.3085634,-0.11544709999999991
week,2017-11-22 00:00:00,1.1772676,,historical_city_aggregate,1.1931163,-0.01584870000000005
week,2017-11-23 00:00:00,1.3162794,,historical_city_aggregate,1.1772676,0.13901180000000002
week,2017-11-24 00:00:00,1.3278263,,historical_city_aggregate,1.3162794,0.011546899999999916
week,2017-11-27 00:00:00,1.2313851,,historical_city_aggregate,1.3278263,-0.0964411999999999
week,2017-11-28 00:00:00,1.1715448,,historical_city_aggregate,1.2313851,-0.05984030000000007
week,2017-11-29 00:00:00,1.2037677,,historical_city_aggregate,1.1715448,0.032222900000000054
week,2017-11-30 00:00:00,1.3052804,,historical_city_aggregate,1.2037677,0.10151270000000001
week,2017-12-01 00:00:00,1.3020871,,historical_city_aggregate,1.3052804,-0.0031932999999999545
week,2017-12-04 00:00:00,1.4148392,,historical_city_aggregate,1.3020871,0.11275210000000002
week,2017-12-05 00:00:00,1.2994656,,historical_city_aggregate,1.4148392,-0.11537360000000008
week,2017-12-06 00:00:00,1.2644481,,historical_city_aggregate,1.2994656,-0.035017499999999924
week,2017-12-07 00:00:00,1.1416519,,historical_city_aggregate,1.2644481,-0.12279620000000002
week,2017-12-08 00:00:00,1.1028657,,historical_city_aggregate,1.1416519,-0.038786200000000104
week,2017-12-11 00:00:00,1.1447042,,historical_city_aggregate,1.1028657,0.04183850000000011
week,2017-12-12 00:00:00,1.118477,,historical_city_aggregate,1.1447042,-0.026227200000000117
week,2017-12-13 00:00:00,1.0897693,,historical_city_aggregate,1.118477,-0.028707700000000003
week,2017-12-14 00:00:00,1.082076,,historical_city_aggregate,1.0897693,-0.007693299999999903
week,2017-12-15 00:00:00,1.1012589,,historical_city_aggregate,1.082076,0.01918289999999989
week,2017-12-18 00:00:00,1.1392203,,historical_city_aggregate,1.1012589,0.037961400000000145
week,2017-12-19 00:00:00,1.1329743,,historical_city_aggregate,1.1392203,-0.006245999999999974
week,2017-12-20 00:00:00,1.3183186,,historical_city_aggregate,1.1329743,0.1853442999999999
week,2017-12-21 00:00:00,1.2996964,,historical_city_aggregate,1.3183186,-0.018622200000000033
week,2017-12-22 00:00:00,1.2436665,,historical_city_aggregate,1.2996964,-0.056029899999999966
week,2017-12-25 00:00:00,1.2812288,,historical_city_aggregate,1.2436665,0.03756230000000005
week,2017-12-26 00:00:00,1.2985247,,historical_city_aggregate,1.2812288,0.01729589999999992
week,2017-12-27 00:00:00,1.2361848,,historical_city_aggregate,1.2985247,-0.062339900000000004
week,2017-12-28 00:00:00,1.1648222,,historical_city_aggregate,1.2361848,-0.07136260000000005
week,2017-12-29 00:00:00,1.2077047,,historical_city_aggregate,1.1648222,0.04288250000000016
week,2018-01-01 00:00:00,1.2007877,,historical_city_aggregate,1.2077047,-0.006917000000000062
week,2018-01-02 00:00:00,1.2035752,,historical_city_aggregate,1.2007877,0.002787499999999943
week,2018-01-03 00:00:00,1.1152878,,historical_city_aggregate,1.2035752,-0.08828740000000002
week,2018-01-04 00:00:00,1.0639783,,historical_city_aggregate,1.1152878,-0.0513094999999999
week,2018-01-05 00:00:00,1.1025378,,historical_city_aggregate,1.0639783,0.03855949999999986
week,2018-01-08 00:00:00,1.6913354,,historical_city_aggregate,1.1025378,0.5887976000000001
week,2018-01-09 00:00:00,1.2993797,,historical_city_aggregate,1.6913354,-0.3919557
week,2018-01-10 00:00:00,1.2184327,,historical_city_aggregate,1.2993797,-0.0809470000000001
week,2018-01-11 00:00:00,1.4021997,,historical_city_aggregate,1.2184327,0.183767
week,2018-01-12 00:00:00,1.2370587,,historical_city_aggregate,1.4021997,-0.16514099999999998
week,2018-01-15 00:00:00,1.1299731,,historical_city_aggregate,1.2370587,-0.1070856
week,2018-01-16 00:00:00,1.1702325,,historical_city_aggregate,1.1299731,0.040259400000000056
week,2018-01-17 00:00:00,1.1139554,,historical_city_aggregate,1.1702325,-0.05627709999999997
week,2018-01-18 00:00:00,1.0942134,,historical_city_aggregate,1.1139554,-0.01974200000000015
week,2018-01-19 00:00:00,1.1342485,,historical_city_aggregate,1.0942134,0.0400351000000001
week,2018-01-22 00:00:00,1.2070068,,historical_city_aggregate,1.1342485,0.07275830000000005
week,2018-01-23 00:00:00,1.1513258,,historical_city_aggregate,1.2070068,-0.05568100000000009
week,2018-01-24 00:00:00,1.2017003,,historical_city_aggregate,1.1513258,0.05037449999999999
week,2018-01-25 00:00:00,1.2118934,,historical_city_aggregate,1.2017003,0.010193099999999955
week,2018-01-26 00:00:00,1.2870169,,historical_city_aggregate,1.2118934,0.07512350000000012
week,2018-01-29 00:00:00,1.2856738,,historical_city_aggregate,1.2870169,-0.0013430999999999305
week,2018-01-30 00:00:00,1.2309225,,historical_city_aggregate,1.2856738,-0.05475130000000017
week,2018-01-31 00:00:00,1.219833,,historical_city_aggregate,1.2309225,-0.011089499999999974
week,2018-02-01 00:00:00,1.1610152,,historical_city_aggregate,1.219833,-0.05881779999999992
week,2018-02-02 00:00:00,1.3217227,,historical_city_aggregate,1.1610152,0.1607075
week,2018-02-05 00:00:00,1.39729,,historical_city_aggregate,1.3217227,0.07556729999999989
week,2018-02-06 00:00:00,1.759471,,historical_city_aggregate,1.39729,0.3621810000000001
week,2018-02-07 00:00:00,1.0609206,,historical_city_aggregate,1.759471,-0.6985504
week,2018-02-08 00:00:00,1.1390327,,historical_city_aggregate,1.0609206,0.07811210000000002
week,2018-02-09 00:00:00,1.7313147,,historical_city_aggregate,1.1390327,0.592282
week,2018-02-12 00:00:00,1.6741447,,historical_city_aggregate,1.7313147,-0.05716999999999994
week,2018-02-13 00:00:00,1.4997082,,historical_city_aggregate,1.6741447,-0.1744365000000001
week,2018-02-14 00:00:00,1.3561188,,historical_city_aggregate,1.4997082,-0.14358939999999998
week,2018-02-15 00:00:00,1.3447791,,historical_city_aggregate,1.3561188,-0.011339699999999953
week,2018-02-16 00:00:00,1.4979863,,historical_city_aggregate,1.3447791,0.1532072
week,2018-02-19 00:00:00,1.260263,,historical_city_aggregate,1.4979863,-0.23772330000000008
week,2018-02-20 00:00:00,1.2523018,,historical_city_aggregate,1.260263,-0.007961200000000002
week,2018-02-21 00:00:00,1.2622514,,historical_city_aggregate,1.2523018,0.009949600000000114
week,2018-02-22 00:00:00,1.1333939,,historical_city_aggregate,1.2622514,-0.12885750000000007
week,2018-02-23 00:00:00,1.171107,,historical_city_aggregate,1.1333939,0.037713099999999944
week,2018-02-26 00:00:00,1.1972875,,historical_city_aggregate,1.171107,0.026180500000000162
week,2018-02-27 00:00:00,1.2166341,,historical_city_aggregate,1.1972875,0.01934659999999999
week,2018-02-28 00:00:00,1.144352,,historical_city_aggregate,1.2166341,-0.07228210000000002
week,2018-03-01 00:00:00,1.1163741,,historical_city_aggregate,1.144352,-0.0279779
week,2018-03-02 00:00:00,1.0439442,,historical_city_aggregate,1.1163741,-0.07242989999999994
week,2018-03-05 00:00:00,1.0731346,,historical_city_aggregate,1.0439442,0.02919039999999984
week,2018-03-06 00:00:00,1.0977462,,historical_city_aggregate,1.0731346,0.024611600000000067
week,2018-03-07 00:00:00,1.0705773,,historical_city_aggregate,1.0977462,-0.02716889999999994
week,2018-03-08 00:00:00,1.1583327,,historical_city_aggregate,1.0705773,0.08775540000000004
week,2018-03-09 00:00:00,1.1843085,,historical_city_aggregate,1.1583327,0.025975799999999882
week,2018-03-12 00:00:00,1.6021256,,historical_city_aggregate,1.1843085,0.41781709999999994
week,2018-03-13 00:00:00,1.0688787,,historical_city_aggregate,1.6021256,-0.5332469
week,2018-03-14 00:00:00,1.0724825,,historical_city_aggregate,1.0688787,0.003603800000000046
week,2018-03-15 00:00:00,1.6039538,,historical_city_aggregate,1.0724825,0.5314713
week,2018-03-16 00:00:00,1.749822,,historical_city_aggregate,1.6039538,0.1458682
week,2018-03-19 00:00:00,1.3980741,,historical_city_aggregate,1.749822,-0.3517478999999999
week,2018-03-20 00:00:00,1.1993017,,historical_city_aggregate,1.3980741,-0.19877240000000018
week,2018-03-21 00:00:00,1.2050301,,historical_city_aggregate,1.1993017,0.005728400000000189
week,2018-03-22 00:00:00,1.2418149,,historical_city_aggregate,1.2050301,0.03678479999999995
week,2018-03-23 00:00:00,1.1711573,,historical_city_aggregate,1.2418149,-0.0706576000000001
week,2018-03-26 00:00:00,1.0854519,,historical_city_aggregate,1.1711573,-0.08570539999999993
week,2018-03-27 00:00:00,1.1857206,,historical_city_aggregate,1.0854519,0.10026869999999999
week,2018-03-28 00:00:00,1.1643022,,historical_city_aggregate,1.1857206,-0.02141839999999995
week,2018-03-29 00:00:00,1.1696632,,historical_city_aggregate,1.1643022,0.005360999999999949
week,2018-03-30 00:00:00,1.1449436,,historical_city_aggregate,1.1696632,-0.024719600000000064
week,2018-04-02 00:00:00,1.1227355,,historical_city_aggregate,1.1449436,-0.022208099999999842
week,2018-04-03 00:00:00,1.0555981,,historical_city_aggregate,1.1227355,-0.06713740000000001
week,2018-04-04 00:00:00,1.043214,,historical_city_aggregate,1.0555981,-0.012384100000000009
week,2018-04-05 00:00:00,1.0426022,,historical_city_aggregate,1.043214,-0.0006118000000001622
week,2018-04-06 00:00:00,1.0555403,,historical_city_aggregate,1.0426022,0.012938100000000174
week,2018-04-09 00:00:00,1.1406046,,historical_city_aggregate,1.0555403,0.08506429999999998
week,2018-04-10 00:00:00,1.1923199,,historical_city_aggregate,1.1406046,0.05171529999999991
week,2018-04-11 00:00:00,1.2189683,,historical_city_aggregate,1.1923199,0.026648400000000017
week,2018-04-12 00:00:00,1.2838607,,historical_city_aggregate,1.2189683,0.06489239999999996
week,2018-04-13 00:00:00,1.326266,,historical_city_aggregate,1.2838607,0.04240529999999998
week,2018-04-16 00:00:00,1.3624981,,historical_city_aggregate,1.326266,0.0362321000000001
week,2018-04-17 00:00:00,1.1652197,,historical_city_aggregate,1.3624981,-0.19727840000000008
week,2018-04-18 00:00:00,1.2288441,,historical_city_aggregate,1.1652197,0.06362440000000014
week,2018-04-19 00:00:00,1.2297238,,historical_city_aggregate,1.2288441,0.0008796999999998167
week,2018-04-20 00:00:00,1.3206727,,historical_city_aggregate,1.2297238,0.09094890000000011
week,2018-04-23 00:00:00,1.2392597,,historical_city_aggregate,1.3206727,-0.08141299999999996
week,2018-04-24 00:00:00,1.4710676,,historical_city_aggregate,1.2392597,0.23180789999999996
week,2018-04-25 00:00:00,1.3136284,,historical_city_aggregate,1.4710676,-0.1574392
week,2018-04-26 00:00:00,1.419413,,historical_city_aggregate,1.3136284,0.1057846
week,2018-04-27 00:00:00,1.2866803,,historical_city_aggregate,1.419413,-0.13273270000000004
week,2018-04-30 00:00:00,1.1024175,,historical_city_aggregate,1.2866803,-0.18426279999999995
week,2018-05-01 00:00:00,1.1744091,,historical_city_aggregate,1.1024175,0.07199160000000004
week,2018-05-02 00:00:00,1.1508427,,historical_city_aggregate,1.1744091,-0.023566399999999987
week,2018-05-03 00:00:00,1.1217031,,historical_city_aggregate,1.1508427,-0.029139600000000154
week,2018-05-04 00:00:00,1.1291057,,historical_city_aggregate,1.1217031,0.007402600000000037
week,2018-05-07 00:00:00,1.1862794,,historical_city_aggregate,1.1291057,0.057173700000000105
week,2018-05-08 00:00:00,1.0992873,,historical_city_aggregate,1.1862794,-0.08699210000000002
week,2018-05-09 00:00:00,1.1110034,,historical_city_aggregate,1.0992873,0.011716099999999896
week,2018-05-10 00:00:00,1.0530348,,historical_city_aggregate,1.1110034,-0.057968599999999926
week,2018-05-11 00:00:00,1.060811,,historical_city_aggregate,1.0530348,0.0077761999999999
week,2018-05-14 00:00:00,1.2404029,,historical_city_aggregate,1.060811,0.17959190000000014
week,2018-05-15 00:00:00,1.2361557,,historical_city_aggregate,1.2404029,-0.0042472000000000065
week,2018-05-16 00:00:00,1.0996634,,historical_city_aggregate,1.2361557,-0.1364923
week,2018-05-17 00:00:00,1.13259,,historical_city_aggregate,1.0996634,0.03292659999999992
week,2018-05-18 00:00:00,1.2680964,,historical_city_aggregate,1.13259,0.13550639999999992
week,2018-05-21 00:00:00,1.2888017,,historical_city_aggregate,1.2680964,0.02070530000000015
week,2018-05-22 00:00:00,1.251819,,historical_city_aggregate,1.2888017,-0.036982700000000035
week,2018-05-23 00:00:00,1.2045946,,historical_city_aggregate,1.251819,-0.047224399999999944
week,2018-05-24 00:00:00,1.1813506,,historical_city_aggregate,1.2045946,-0.023244000000000042
week,2018-05-25 00:00:00,1.3124856,,historical_city_aggregate,1.1813506,0.131135
week,2018-05-28 00:00:00,1.388111,,historical_city_aggregate,1.3124856,0.07562540000000006
week,2018-05-29 00:00:00,1.5270715,,historical_city_aggregate,1.388111,0.13896049999999982
week,2018-05-30 00:00:00,1.5822149,,historical_city_aggregate,1.5270715,0.055143400000000176
week,2018-05-31 00:00:00,1.423267,,historical_city_aggregate,1.5822149,-0.15894790000000003
week,2018-06-01 00:00:00,1.3421643,,historical_city_aggregate,1.423267,-0.08110269999999997
week,2018-06-04 00:00:00,1.1919822,,historical_city_aggregate,1.3421643,-0.1501821000000001
week,2018-06-05 00:00:00,1.1692206,,historical_city_aggregate,1.1919822,-0.022761599999999937
week,2018-06-06 00:00:00,1.1679837,,historical_city_aggregate,1.1692206,-0.0012369000000000963
week,2018-06-07 00:00:00,1.2967,,historical_city_aggregate,1.1679837,0.1287163
week,2018-06-08 00:00:00,1.68763,,historical_city_aggregate,1.2967,0.39093
week,2018-06-11 00:00:00,1.2104025,,historical_city_aggregate,1.68763,-0.4772274999999999
week,2018-06-12 00:00:00,1.1916031,,historical_city_aggregate,1.2104025,-0.01879940000000002
week,2018-06-13 00:00:00,1.0596442,,historical_city_aggregate,1.1916031,-0.1319589000000001
week,2018-06-14 00:00:00,1.0894292,,historical_city_aggregate,1.0596442,0.029785000000000172
week,2018-06-15 00:00:00,1.0950917,,historical_city_aggregate,1.0894292,0.005662499999999904
week,2018-06-18 00:00:00,1.6540817,,historical_city_aggregate,1.0950917,0.5589900000000001
week,2018-06-19 00:00:00,1.1280963,,historical_city_aggregate,1.6540817,-0.5259854000000002
week,2018-06-20 00:00:00,1.6838874,,historical_city_aggregate,1.1280963,0.5557911
week,2018-06-21 00:00:00,1.6737134,,historical_city_aggregate,1.6838874,-0.010173999999999905
week,2018-06-22 00:00:00,1.3071663,,historical_city_aggregate,1.6737134,-0.3665471
week,2018-06-25 00:00:00,1.0647771,,historical_city_aggregate,1.3071663,-0.24238920000000008
week,2018-06-26 00:00:00,1.1010111,,historical_city_aggregate,1.0647771,0.0362340000000001
week,2018-06-27 00:00:00,1.1161988,,historical_city_aggregate,1.1010111,0.015187700000000026
week,2018-06-28 00:00:00,1.0737425,,historical_city_aggregate,1.1161988,-0.0424563
week,2018-06-29 00:00:00,1.0687027,,historical_city_aggregate,1.0737425,-0.005039800000000039
week,2018-07-02 00:00:00,1.15059,,historical_city_aggregate,1.0687027,0.0818873
week,2018-07-03 00:00:00,1.1706377,,historical_city_aggregate,1.15059,0.02004769999999989
week,2018-07-04 00:00:00,1.1419356,,historical_city_aggregate,1.1706377,-0.02870209999999984
week,2018-07-05 00:00:00,1.123706,,historical_city_aggregate,1.1419356,-0.018229599999999957
week,2018-07-06 00:00:00,1.1008261,,historical_city_aggregate,1.123706,-0.022879900000000175
week,2018-07-09 00:00:00,1.1285961,,historical_city_aggregate,1.1008261,0.027770000000000072
week,2018-07-10 00:00:00,1.0698369,,historical_city_aggregate,1.1285961,-0.0587591999999999
week,2018-07-11 00:00:00,1.1103974,,historical_city_aggregate,1.0698369,0.0405605
week,2018-07-12 00:00:00,1.2003297,,historical_city_aggregate,1.1103974,0.08993229999999985
week,2018-07-13 00:00:00,1.2263275,,historical_city_aggregate,1.2003297,0.02599780000000007
week,2018-07-16 00:00:00,1.0782906,,historical_city_aggregate,1.2263275,-0.14803689999999992
week,2018-07-17 00:00:00,1.1172625,,historical_city_aggregate,1.0782906,0.03897189999999995
week,2018-07-18 00:00:00,1.1565893,,historical_city_aggregate,1.1172625,0.039326799999999995
week,2018-07-19 00:00:00,1.172463,,historical_city_aggregate,1.1565893,0.01587369999999999
week,2018-07-20 00:00:00,1.1796716,,historical_city_aggregate,1.172463,0.0072086000000000094
week,2018-07-23 00:00:00,1.4537827,,historical_city_aggregate,1.1796716,0.27411110000000005
week,2018-07-24 00:00:00,1.3800686,,historical_city_aggregate,1.4537827,-0.07371410000000012
week,2018-07-25 00:00:00,1.3927923,,historical_city_aggregate,1.3800686,0.012723700000000004
week,2018-07-26 00:00:00,1.3947057,,historical_city_aggregate,1.3927923,0.001913400000000065
week,2018-07-27 00:00:00,1.2599357,,historical_city_aggregate,1.3947057,-0.13477000000000006
week,2018-07-30 00:00:00,1.2130923,,historical_city_aggregate,1.2599357,-0.04684339999999998
week,2018-07-31 00:00:00,1.2437338,,historical_city_aggregate,1.2130923,0.030641499999999988
week,2018-08-01 00:00:00,1.231683,,historical_city_aggregate,1.2437338,-0.012050799999999917
week,2018-08-02 00:00:00,1.3047608,,historical_city_aggregate,1.231683,0.07307779999999986
week,2018-08-03 00:00:00,1.1676936,,historical_city_aggregate,1.3047608,-0.13706719999999994
week,2018-08-06 00:00:00,1.1872608,,historical_city_aggregate,1.1676936,0.019567200000000007
week,2018-08-07 00:00:00,1.2002563,,historical_city_aggregate,1.1872608,0.012995499999999938
week,2018-08-08 00:00:00,1.1560678,,historical_city_aggregate,1.2002563,-0.044188499999999964
week,2018-08-09 00:00:00,1.1241836,,historical_city_aggregate,1.1560678,-0.03188419999999992
week,2018-08-10 00:00:00,1.1469753,,historical_city_aggregate,1.1241836,0.02279169999999997
week,2018-08-13 00:00:00,1.0963159,,historical_city_aggregate,1.1469753,-0.05065940000000002
week,2018-08-14 00:00:00,1.2133144,,historical_city_aggregate,1.0963159,0.1169985
week,2018-08-15 00:00:00,1.2721578,,historical_city_aggregate,1.2133144,0.05884339999999999
week,2018-08-16 00:00:00,1.1954797,,historical_city_aggregate,1.2721578,-0.07667810000000008
week,2018-08-17 00:00:00,1.2050107,,historical_city_aggregate,1.1954797,0.009531000000000178
week,2018-08-20 00:00:00,1.3090264,,historical_city_aggregate,1.2050107,0.10401569999999993
week,2018-08-21 00:00:00,1.3319601,,historical_city_aggregate,1.3090264,0.022933700000000057
week,2018-08-22 00:00:00,1.2136473,,historical_city_aggregate,1.3319601,-0.1183128
week,2018-08-23 00:00:00,1.2795069,,historical_city_aggregate,1.2136473,0.0658595999999998
week,2018-08-24 00:00:00,1.2431163,,historical_city_aggregate,1.2795069,-0.03639059999999983
week,2018-08-27 00:00:00,1.4482904,,historical_city_aggregate,1.2431163,0.20517410000000003
week,2018-08-28 00:00:00,1.4244538,,historical_city_aggregate,1.4482904,-0.023836600000000097
week,2018-08-29 00:00:00,1.5512244,,historical_city_aggregate,1.4244538,0.12677059999999996
week,2018-08-30 00:00:00,1.2557053,,historical_city_aggregate,1.5512244,-0.2955190999999999
week,2018-08-31 00:00:00,1.1780653,,historical_city_aggregate,1.2557053,-0.07763999999999993
week,2018-09-03 00:00:00,1.1677581,,historical_city_aggregate,1.1780653,-0.010307200000000183
week,2018-09-04 00:00:00,1.0793244,,historical_city_aggregate,1.1677581,-0.08843369999999995
week,2018-09-05 00:00:00,1.0589359,,historical_city_aggregate,1.0793244,-0.02038849999999992
week,2018-09-06 00:00:00,1.0478835,,historical_city_aggregate,1.0589359,-0.011052400000000073
week,2018-09-07 00:00:00,1.0121923,,historical_city_aggregate,1.0478835,-0.035691200000000034
week,2018-09-10 00:00:00,1.064733,,historical_city_aggregate,1.0121923,0.052540699999999996
week,2018-09-11 00:00:00,1.2935203,,historical_city_aggregate,1.064733,0.22878730000000003
week,2018-09-12 00:00:00,1.322234,,historical_city_aggregate,1.2935203,0.028713699999999953
week,2018-09-13 00:00:00,1.3653152,,historical_city_aggregate,1.322234,0.04308120000000004
week,2018-09-14 00:00:00,1.7424929,,historical_city_aggregate,1.3653152,0.37717770000000006
week,2018-09-17 00:00:00,1.0925684,,historical_city_aggregate,1.7424929,-0.6499245
week,2018-09-18 00:00:00,1.1846192,,historical_city_aggregate,1.0925684,0.09205079999999999
week,2018-09-19 00:00:00,1.12684,,historical_city_aggregate,1.1846192,-0.05777919999999992
week,2018-09-20 00:00:00,1.1140736,,historical_city_aggregate,1.12684,-0.012766400000000067
week,2018-09-21 00:00:00,1.0903601,,historical_city_aggregate,1.1140736,-0.023713499999999943
week,2018-09-24 00:00:00,1.0643443,,historical_city_aggregate,1.0903601,-0.026015800000000144
week,2018-09-25 00:00:00,1.0793225,,historical_city_aggregate,1.0643443,0.014978200000000053
week,2018-09-26 00:00:00,1.2239239,,historical_city_aggregate,1.0793225,0.1446014
week,2018-09-27 00:00:00,1.3112006,,historical_city_aggregate,1.2239239,0.0872767000000001
week,2018-09-28 00:00:00,1.2996499,,historical_city_aggregate,1.3112006,-0.011550700000000136
week,2018-10-01 00:00:00,1.1269676,,historical_city_aggregate,1.2996499,-0.17268229999999996
week,2018-10-02 00:00:00,1.2017718,,historical_city_aggregate,1.1269676,0.07480419999999999
week,2018-10-03 00:00:00,1.160149,,historical_city_aggregate,1.2017718,-0.04162279999999985
week,2018-10-04 00:00:00,1.1638458,,historical_city_aggregate,1.160149,0.0036967999999999446
week,2018-10-05 00:00:00,1.0512695,,historical_city_aggregate,1.1638458,-0.11257629999999996
week,2018-10-08 00:00:00,1.0175885,,historical_city_aggregate,1.0512695,-0.03368100000000007
week,2018-10-09 00:00:00,1.0243021,,historical_city_aggregate,1.0175885,0.006713600000000097
week,2018-10-10 00:00:00,1.0176838,,historical_city_aggregate,1.0243021,-0.006618300000000188
week,2018-10-11 00:00:00,0.9907099,,historical_city_aggregate,1.0176838,-0.026973899999999884
week,2018-10-12 00:00:00,0.9926274,,historical_city_aggregate,0.9907099,0.0019175000000000164
week,2018-10-15 00:00:00,1.1087503,,historical_city_aggregate,0.9926274,0.11612290000000003
week,2018-10-16 00:00:00,1.0363121,,historical_city_aggregate,1.1087503,-0.07243820000000012
week,2018-10-17 00:00:00,1.0364246,,historical_city_aggregate,1.0363121,0.00011249999999995985
week,2018-10-18 00:00:00,1.0618914,,historical_city_aggregate,1.0364246,0.02546680000000001
week,2018-10-19 00:00:00,1.0991872,,historical_city_aggregate,1.0618914,0.0372958000000001
week,2018-10-22 00:00:00,1.2550867,,historical_city_aggregate,1.0991872,0.15589950000000008
week,2018-10-23 00:00:00,1.1140017,,historical_city_aggregate,1.2550867,-0.14108500000000013
week,2018-10-24 00:00:00,1.1023913,,historical_city_aggregate,1.1140017,-0.01161039999999991
week,2018-10-25 00:00:00,1.1057771,,historical_city_aggregate,1.1023913,0.0033857999999999944
week,2018-10-26 00:00:00,1.0871737,,historical_city_aggregate,1.1057771,-0.01860340000000016
week,2018-10-29 00:00:00,1.1505346,,historical_city_aggregate,1.0871737,0.06336090000000016
week,2018-10-30 00:00:00,1.1413621,,historical_city_aggregate,1.1505346,-0.009172500000000028
week,2018-10-31 00:00:00,1.1429092,,historical_city_aggregate,1.1413621,0.0015471000000000235
week,2018-11-01 00:00:00,1.0734612,,historical_city_aggregate,1.1429092,-0.06944800000000018
week,2018-11-02 00:00:00,1.0520946,,historical_city_aggregate,1.0734612,-0.021366599999999902
week,2018-11-05 00:00:00,1.1022088,,historical_city_aggregate,1.0520946,0.05011420000000011
week,2018-11-06 00:00:00,1.089967,,historical_city_aggregate,1.1022088,-0.012241800000000191
week,2018-11-09 00:00:00,1.1818314,,historical_city_aggregate,1.089967,0.09186440000000018
week,2018-11-12 00:00:00,1.4156467,,historical_city_aggregate,1.1818314,0.23381529999999984
week,2018-11-13 00:00:00,1.6444105,,historical_city_aggregate,1.4156467,0.22876380000000007
week,2018-11-14 00:00:00,3.902171,,historical_city_aggregate,1.6444105,2.2577605
week,2018-11-15 00:00:00,1.1533449,,historical_city_aggregate,3.902171,-2.7488261
week,2018-11-16 00:00:00,1.1079169,,historical_city_aggregate,1.1533449,-0.045428000000000024
week,2018-11-19 00:00:00,0.981544,,historical_city_aggregate,1.1079169,-0.1263729
week,2018-11-20 00:00:00,1.134932,,historical_city_aggregate,0.981544,0.15338800000000008
week,2018-11-21 00:00:00,1.1591154,,historical_city_aggregate,1.134932,0.024183399999999855
week,2018-11-22 00:00:00,1.1596964,,historical_city_aggregate,1.1591154,0.0005810000000001647
week,2018-11-23 00:00:00,1.181164,,historical_city_aggregate,1.1596964,0.02146760000000003
week,2018-11-26 00:00:00,1.1932875,,historical_city_aggregate,1.181164,0.012123499999999954
week,2018-11-27 00:00:00,1.4005401,,historical_city_aggregate,1.1932875,0.2072525999999999
week,2018-11-28 00:00:00,1.335176,,historical_city_aggregate,1.4005401,-0.06536410000000004
week,2018-11-29 00:00:00,1.3489231,,historical_city_aggregate,1.335176,0.013747100000000012
week,2018-11-30 00:00:00,1.0906677,,historical_city_aggregate,1.3489231,-0.2582553999999999
week,2018-12-03 00:00:00,1.016538,,historical_city_aggregate,1.0906677,-0.07412970000000008
week,2018-12-04 00:00:00,1.1202041,,historical_city_aggregate,1.016538,0.1036661000000001
week,2018-12-05 00:00:00,1.1327406,,historical_city_aggregate,1.1202041,0.01253649999999995
week,2018-12-06 00:00:00,1.1491807,,historical_city_aggregate,1.1327406,0.01644010000000007
week,2018-12-07 00:00:00,1.1524263,,historical_city_aggregate,1.1491807,0.0032455999999998486
week,2018-12-10 00:00:00,1.1124027,,historical_city_aggregate,1.1524263,-0.040023599999999826
week,2018-12-11 00:00:00,1.1659394,,historical_city_aggregate,1.1124027,0.05353669999999999
week,2018-12-12 00:00:00,1.1888322,,historical_city_aggregate,1.1659394,0.022892799999999935
week,2018-12-13 00:00:00,1.1101404,,historical_city_aggregate,1.1888322,-0.07869180000000009
week,2018-12-14 00:00:00,1.2347582,,historical_city_aggregate,1.1101404,0.1246178
week,2018-12-17 00:00:00,1.2454856,,historical_city_aggregate,1.2347582,0.010727400000000165
week,2018-12-18 00:00:00,1.0791708,,historical_city_aggregate,1.2454856,-0.1663148000000001
week,2018-12-19 00:00:00,1.0514543,,historical_city_aggregate,1.0791708,-0.027716499999999922
week,2018-12-20 00:00:00,1.171352,,historical_city_aggregate,1.0514543,0.11989769999999988
week,2018-12-21 00:00:00,1.1539434,,historical_city_aggregate,1.171352,-0.017408599999999996
week,2018-12-24 00:00:00,1.3354139,,historical_city_aggregate,1.1539434,0.1814705000000001
week,2018-12-25 00:00:00,1.4785319,,historical_city_aggregate,1.3354139,0.14311799999999986
week,2018-12-26 00:00:00,1.4990607,,historical_city_aggregate,1.4785319,0.020528800000000125
week,2018-12-27 00:00:00,1.4713659,,historical_city_aggregate,1.4990607,-0.02769480000000013
week,2018-12-28 00:00:00,1.5449221,,historical_city_aggregate,1.4713659,0.07355620000000007
week,2018-12-31 00:00:00,1.4340693,,historical_city_aggregate,1.5449221,-0.11085279999999997
week,2019-01-01 00:00:00,1.3775501,,historical_city_aggregate,1.4340693,-0.05651919999999988
week,2019-01-02 00:00:00,1.3324456,,historical_city_aggregate,1.3775501,-0.0451045000000001
week,2019-01-03 00:00:00,1.1091131,,historical_city_aggregate,1.3324456,-0.22333249999999993
week,2019-01-04 00:00:00,1.2312625,,historical_city_aggregate,1.1091131,0.12214939999999985
week,2019-01-07 00:00:00,1.2302207,,historical_city_aggregate,1.2312625,-0.0010417999999998706
week,2019-01-08 00:00:00,1.2451621,,historical_city_aggregate,1.2302207,0.014941399999999883
week,2019-01-09 00:00:00,1.4253206,,historical_city_aggregate,1.2451621,0.1801585000000001
week,2019-01-10 00:00:00,1.3388912,,historical_city_aggregate,1.4253206,-0.0864294000000001
week,2019-01-11 00:00:00,1.3211448,,historical_city_aggregate,1.3388912,-0.01774640000000005
week,2019-01-14 00:00:00,1.3785698,,historical_city_aggregate,1.3211448,0.05742500000000006
week,2019-01-15 00:00:00,1.1922433,,historical_city_aggregate,1.3785698,-0.18632650000000006
week,2019-01-16 00:00:00,1.2988961,,historical_city_aggregate,1.1922433,0.10665280000000021
week,2019-01-17 00:00:00,1.3094921,,historical_city_aggregate,1.2988961,0.010595999999999828
week,2019-01-18 00:00:00,1.2933369,,historical_city_aggregate,1.3094921,-0.016155200000000036
week,2019-01-21 00:00:00,1.4599054,,historical_city_aggregate,1.2933369,0.16656850000000012
week,2019-01-22 00:00:00,1.4467301,,historical_city_aggregate,1.4599054,-0.013175300000000112
week,2019-01-23 00:00:00,1.4961761,,historical_city_aggregate,1.4467301,0.0494460000000001
week,2019-01-24 00:00:00,1.6944593,,historical_city_aggregate,1.4961761,0.19828319999999988
week,2019-01-25 00:00:00,1.4289544,,historical_city_aggregate,1.6944593,-0.2655048999999998
week,2019-01-28 00:00:00,1.1833319,,historical_city_aggregate,1.4289544,-0.24562250000000008
week,2019-01-29 00:00:00,1.1462713,,historical_city_aggregate,1.1833319,-0.0370606
week,2019-01-30 00:00:00,1.1326662,,historical_city_aggregate,1.1462713,-0.013605099999999926
week,2019-01-31 00:00:00,1.199275,,historical_city_aggregate,1.1326662,0.06660880000000002
week,2019-02-01 00:00:00,1.214538,,historical_city_aggregate,1.199275,0.015262999999999805
week,2019-02-04 00:00:00,1.5837367,,historical_city_aggregate,1.214538,0.3691987000000001
week,2019-02-05 00:00:00,1.7701272,,historical_city_aggregate,1.5837367,0.1863904999999999
week,2019-02-06 00:00:00,1.6058523,,historical_city_aggregate,1.7701272,-0.1642748999999999
week,2019-02-07 00:00:00,1.8024122,,historical_city_aggregate,1.6058523,0.1965599
week,2019-02-08 00:00:00,2.4417807,,historical_city_aggregate,1.8024122,0.6393684999999998
week,2019-02-11 00:00:00,0.9610147,,historical_city_aggregate,2.4417807,-1.4807659999999998
week,2019-02-12 00:00:00,0.9775527,,historical_city_aggregate,0.9610147,0.016538000000000053
week,2019-02-13 00:00:00,1.0081514,,historical_city_aggregate,0.9775527,0.03059869999999998
week,2019-02-14 00:00:00,1.0161746,,historical_city_aggregate,1.0081514,0.008023200000000008
week,2019-02-15 00:00:00,0.9991255,,historical_city_aggregate,1.0161746,-0.01704910000000004
week,2019-02-18 00:00:00,0.956112,,historical_city_aggregate,0.9991255,-0.04301350000000004
week,2019-02-19 00:00:00,0.9506764,,historical_city_aggregate,0.956112,-0.005435599999999985
week,2019-02-20 00:00:00,1.6502793,,historical_city_aggregate,0.9506764,0.6996029
week,2019-02-21 00:00:00,1.7533414,,historical_city_aggregate,1.6502793,0.10306210000000005
week,2019-02-22 00:00:00,1.7071408,,historical_city_aggregate,1.7533414,-0.04620060000000015
week,2019-02-25 00:00:00,1.2164015,,historical_city_aggregate,1.7071408,-0.4907393
week,2019-02-26 00:00:00,1.4948532,,historical_city_aggregate,1.2164015,0.2784517000000002
week,2019-02-27 00:00:00,1.6287581,,historical_city_aggregate,1.4948532,0.13390489999999988
week,2019-02-28 00:00:00,1.1968046,,historical_city_aggregate,1.6287581,-0.4319534999999999
week,2019-03-01 00:00:00,1.1895057,,historical_city_aggregate,1.1968046,-0.007298900000000108
week,2019-03-04 00:00:00,1.2123354,,historical_city_aggregate,1.1895057,0.022829699999999953
week,2019-03-05 00:00:00,1.3181199,,historical_city_aggregate,1.2123354,0.10578449999999995
week,2019-03-06 00:00:00,1.3099876,,historical_city_aggregate,1.3181199,-0.008132299999999981
week,2019-03-07 00:00:00,1.5546585,,historical_city_aggregate,1.3099876,0.24467090000000002
week,2019-03-08 00:00:00,1.3193817,,historical_city_aggregate,1.5546585,-0.23527679999999984
week,2019-03-11 00:00:00,1.6485051,,historical_city_aggregate,1.3193817,0.32912339999999984
week,2019-03-12 00:00:00,1.3179255,,historical_city_aggregate,1.6485051,-0.33057959999999986
week,2019-03-13 00:00:00,1.3143538,,historical_city_aggregate,1.3179255,-0.0035717000000001775
week,2019-03-14 00:00:00,1.3010479,,historical_city_aggregate,1.3143538,-0.013305899999999982
week,2019-03-15 00:00:00,1.1982592,,historical_city_aggregate,1.3010479,-0.10278869999999984
week,2019-03-18 00:00:00,1.0778523,,historical_city_aggregate,1.1982592,-0.1204069000000001
week,2019-03-19 00:00:00,1.1262417,,historical_city_aggregate,1.0778523,0.04838940000000003
week,2019-03-20 00:00:00,1.1311521,,historical_city_aggregate,1.1262417,0.0049103999999999814
week,2019-03-21 00:00:00,1.1137209,,historical_city_aggregate,1.1311521,-0.01743120000000009
week,2019-03-22 00:00:00,1.1338787,,historical_city_aggregate,1.1137209,0.020157800000000003
week,2019-03-25 00:00:00,1.3470344,,historical_city_aggregate,1.1338787,0.21315570000000017
week,2019-03-26 00:00:00,1.3008264,,historical_city_aggregate,1.3470344,-0.04620800000000003
week,2019-03-27 00:00:00,1.2854272,,historical_city_aggregate,1.3008264,-0.015399200000000057
week,2019-03-28 00:00:00,1.2168821,,historical_city_aggregate,1.2854272,-0.06854509999999991
week,2019-03-29 00:00:00,1.2679444,,historical_city_aggregate,1.2168821,0.051062299999999894
week,2019-04-01 00:00:00,1.1266741,,historical_city_aggregate,1.2679444,-0.14127029999999996
week,2019-04-02 00:00:00,1.1104926,,historical_city_aggregate,1.1266741,-0.01618150000000007
week,2019-04-03 00:00:00,1.1062282,,historical_city_aggregate,1.1104926,-0.004264399999999835
week,2019-04-04 00:00:00,1.1102014,,historical_city_aggregate,1.1062282,0.003973199999999899
week,2019-04-05 00:00:00,1.1012127,,historical_city_aggregate,1.1102014,-0.00898869999999996
week,2019-04-08 00:00:00,1.1062569,,historical_city_aggregate,1.1012127,0.005044199999999943
week,2019-04-09 00:00:00,1.1682216,,historical_city_aggregate,1.1062569,0.061964700000000095
week,2019-04-10 00:00:00,1.1363495,,historical_city_aggregate,1.1682216,-0.03187210000000018
week,2019-04-11 00:00:00,1.2195205,,historical_city_aggregate,1.1363495,0.0831710000000001
week,2019-04-12 00:00:00,1.2758908,,historical_city_aggregate,1.2195205,0.056370299999999984
week,2026-03-25 00:00:00,1.1022781429262365,17,derived_current_city_aggregate,1.2758908,-0.1736126570737635
week,2026-03-31 00:00:00,1.3401765504460055,17,derived_current_city_aggregate,1.1022781429262365,0.23789840751976898
week,2026-04-07 00:00:00,1.1677182565566877,17,derived_current_city_aggregate,1.3401765504460055,-0.17245829388931777
week,2026-04-10 00:00:00,1.1397301916870521,17,derived_current_city_aggregate,1.1677182565566877,-0.027988064869635565
week,2026-05-16 00:00:00,1.028449725391174,18,derived_current_city_aggregate,1.1397301916870521,-0.11128046629587818
